埃	*qˤə 
哀	*ʔˤəj 
藹	*qˤa[t]-s 
阸	*qˤ<r>[i]k-s 
隘	*qˤ<r>[i]k-s 
愛	*[q]ˤə[p]-s 
僾	*qˤəp-s 
艾	*C.ŋˤa[t]-s 
鞌	*[ʔ]ˤa[n] 
鞍	*[ʔ]ˤa[n] 
安	*[ʔ]ˤa[n] 
安	*[ʔ]ˤa[n] 
安	*[ʔ]ˤa[n] 
晻	*qˤ[o]mʔ 
按	*ʔˤa[n]-s 
案	*ʔˤa[n]-s 
晻	*qˤ[o]m(ʔ)-s 
暗	*qˤum-s 
黬	*[k]ˤr[ə]m 
岸	*[ŋ]ˤa[r]-s 
豻	*m-[ɢ]ˤa[r]-s 
卬	*[k.ŋ]ˤaŋ 
卬	*ŋˤaŋ 
㼜	*ʔˤaŋ-s 
敖	*[ŋ]ˤaw 
囂	*[ŋ]ˤaw 
敖	*ŋˤaw 
嗸	*ŋˤaw 
熬	*ŋˤaw 
媼	*ʔˤuʔ 
奧	*ʔˤuk-s 
澳	*ʔˤuk-s 
巴	*pˤra 
巴	*pˤra 
豝	*pˤra 
八	*pˤret 
軷	*[b]ˤ[a]t 
茇	*m-pˤ[a]t 
拔	*bˤ<r>ot 
茇	*pˤ[a]t 
胈	*pˤot 
把	*pˤraʔ 
罷	*[b]ˤrajʔ 
霸	*pˤrak-s 
白	*bˤrak 
百	*pˤrak 
柏	*pˤrak 
敗	*N-pˤra[t]-s 
稗	*C.[b]ˤre-s 
敗	*pˤra[t]-s 
拜	*C.pˤro[t]-s 
班	*pˤ<r>an 
頒	*pˤ<r>ə[n] (MC F!)
朌	*pˤ<r>ə[n] (MC V!)
斑	*pˤran 
搬	*Cə.pˤan 
板	*C.pˤranʔ 
板	*pˤranʔ 
阪	*pa[n]ʔ 
伴	*[C.b]ˤanʔ 
辦	*[b]ˤren-s 
半	*pˤan-s 
邦	*pˤroŋ 
蚌	*[b]ˤroŋʔ 
蜯	*[b]ˤroŋʔ 
傍	*[b]ˤaŋ-s 
榜	*pˤraŋ-s 
謗	*pˤaŋ-s 
包	*pˤ<r>u 
胞	*pˤ<r>u 
苞	*pˤ<r>u 
褒	*pˤu 
雹	*C.[b]ˤruk 
飽	*pˤruʔ 
保	*pˤuʔ 
寶	*pˤuʔ 
抱	*[m-p]ˤuʔ 
暴	*[b]ˤawk-s 
瀑	*[b]ˤawk 
豹	*pˤr[e]wk-s 
爆	*pˤrawk-s 
報	*pˤuk-s 
悲	*prəj 
陂	*p(r)a[j] 
碑	*pre 
卑	*pe 
卑	*pe 
杯	*pˤə 
北	*pˤək 
拔	*bˤot-s 
備	*[b]rək-s 
被	*m-pʰ(r)ajʔ 
被	*m-pʰ(r)ajʔ-s 
倍	*[b]ˤəʔ 
孛	*[b]ˤ[u]t-s 
悖	*[b]ˤut-s 
誖	*[b]ˤut-s 
焙	*[b]ˤə-s 
背	*m-pˤək-s 
偝	*m-pˤək-s 
誖	*[b]ˤut 
貝	*pˤa[t]-s 
背	*pˤək-s 
賁	*pˤur 
奔	*pˤur 
本	*C.pˤə[n]ʔ 
畚	*pˤu[n]ʔ 
祊	*pˤraŋ 
繃	*pˤrəŋ 
崩	*Cə.pˤəŋ 
琫	*pˤoŋʔ 
迸	*pˤreŋ-s 
堋	*pˤəŋ-s 
偪	*prək 
逼	*prək 
鼻	*Cə-bi[t]-s 
鼻	*m-bi[t]-s 
鄙	*prəʔ 
筆	*p.[r]ut (borrowed as *prut from Qín dialect)
彼	*pajʔ 
比	*C.pijʔ 
匕	*pijʔ 
匕	*pijʔ 
妣	*pijʔ 
秕	*pijʔ 
髀	*m-pˤeʔ 
辟	*[b]ˤek 
苾	*[b]ˤi[t] 
邲	*[b]ri[t] 
庳	*N-peʔ 
婢	*[b]eʔ 
避	*[b]ek-s 
敝	*[b]e[t]-s 
幣	*[b]e[t]-s 
斃	*[b]e[t]-s 
辟	*[N]-pek 
邲	*[b]i[t] 
嬖	*pˤek-s 
閉	*pˤi[t]-s 
壁	*C.pˤek 
毖	*pri[t]-s 
閟	*pri[t]-s 
柲	*pri[t] 
碧	*prak 
賁	*por-s 
髀	*peʔ 
臂	*pek-s 
蔽	*pe[t]-s 
辟	*pek 
璧	*pek 
庇	*pij 
畀	*pi[t]-s 
比	*pij-s 
庇	*pij-s 
妣	*pijʔ-s 
必	*pi[t] 
畢	*pi[t] 
畢	*pi[t] 
畢	*pi[t] 
彃	*pi[t] 
篳	*pi[t] 
蹕	*pi[t] 
韠	*pi[t] 
邊	*pˤe[n] 
編	*pˤe[r] 
𠓥	*pe[n] 
鞭	*pe[n] 
籩	*pe[n] 
編	*pe[r] (~ *mə-pe[r] in donor to HM)
扁	*pˤe[r]ʔ 
貶	*p(r)[o]mʔ 
貶	*pr[e]mʔ 
窆	*pr[o]m-s 
釆	*[b]ˤre[n]-s 
辮	*m-pˤe[r]ʔ 
辨	*[b]renʔ 
辯	*[b]renʔ 
弁	*C.[b]ro[n]-s 
卞	*[b]ro[n]-s 
諞	*[m-pʰ]e[r]ʔ 
便	*[b]e[n]-s 
徧	*pˤe[n]-s 
辡	*prenʔ 
變	*pro[n]-s 
髟	*p(r)iw 
表	*p(r)awʔ 
摽	*[b]ewʔ 
鱉	*pet 
別	*N-pret 
別	*pret 
豳	*prə[n] 
賓	*pi[n] 
瀕	*pi[n] 
冫	*p.rəŋ (dialect: *p.r- > *pr-)
冰	*p.rəŋ (dialect: *p.r- > *pr-)
兵	*praŋ 
并	*peŋ 
禀	*p.rimʔ 
稟	*p.rimʔ (dialect: *p.r- > *pr-)
稟	*p.rimʔ (dialect: > *p.r- > *pr-)
禀	*p.rimʔ (dialect: *p.r- > *pr-)
丙	*praŋʔ 
邴	*praŋʔ 
秉	*praŋʔ 
餅	*peŋʔ 
並	*[b]ˤeŋʔ 
病	*[b]raŋ-s 
枋	*[p]raŋʔ-s 
柄	*[p]raŋʔ-s 
棅	*[p]raŋʔ-s 
并	*peŋ-s 
波	*pˤaj 
番	*pˤar 
剝	*[p]ˤrok (~ *mə-pˤrok)
撥	*pˤat 
帛	*[b]ˤrak 
薄	*[b]ˤak 
泊	*[b]ˤak 
孛	*[b]ˤ[u]t 
艴	*[b]ˤ[u]t 
勃	*[b]ˤut 
悖	*[b]ˤut 
伯	*pˤrak 
駁	*pˤrawk 
博	*pˤak 
搏	*pˤak 
胉	*pʰˤak 
搏	*p(r)ak-s 
襮	*pˤawk 
跛	*pˤajʔ 
簸	*pˤajʔ 
簸	*pˤajʔ-s 
播	*pˤar-s 
擘	*pˤrek (~ *mə-pˤrek)
哺	*[b]ˤa-s 
補	*[Cə]-pˤaʔ 
卜	*pˤok 
簿	*[b]ˤaʔ 
步	*mə-bˤa-s 
部	*[b]ˤ(r)oʔ 
不	*pə 
不	*pə 
布	*pˤa-s 
布	*pˤa-s 
才	*[dz]ˤə 
材	*[dz]ˤə 
財	*[dz]ˤə 
裁	*[dz]ˤə 
采	*s.r̥ˤəʔ 
采	*s.r̥ˤəʔ 
彩	*s.r̥ˤəʔ 
採	*s.r̥ˤəʔ 
蔡	*s.r̥̥ˤat-s 
菜	*s.r̥ˤəʔ-s 
參	r̥ˤəʔ
驂	*m-sˤrum (should be *s.r̥ˤum)
慚	*[dz]ˤam 
慙	*[dz]ˤam 
殘	*[dz]ˤa[n] 
蠶	*C.[dz]ˤ[ə]m 
粲	*[tsʰ]ˤar-s 
倉	*[s.r̥]ˤaŋ 
凔	*[tsʰ]ˤaŋ 
蒼	*[tsʰ]ˤaŋ 
倉	*tsʰˤaŋ 
藏	*m-tsʰˤaŋ 
操	*[tsʰ]ˤawʔ 
操	*[tsʰ]ˤawʔ-s 
曹	*N-tsˤu 
草	*[tsʰ]ˤuʔ 
草	*[tsʰ]ˤuʔ 
册	*[tsʰ](ˤ)rek 
策	*[tsʰ](ˤ)rek 
栅	*[tsʰ]ˤrek 
廁	*[tsʰ]rək-s 
畟	*Nə-[tsʰ]rək 
測	*[tsʰ]rək 
側	*[ts]rək 
參	*[tsʰr][u]m 
層	*N-s-tˤəŋ 
曾	*[dz]ˤəŋ 
層	*m-s-tˤəŋ 
差	*tsʰraj 
臿	*[tsʰ]<r>op 
插	*mə-[tsʰ]<r>op 
扱	*s-qʰr[ə]p 
秅	*[d]ˤra 
荼	*lˤra 
槎	*[dz]ˤraj 
槎	*[dz]ˤrajʔ 
察	*[tsʰ]ˤret 
詫	*tʰˤrak-s 
拆	*qʰˤ<r>ak (dialect: *qʰˤr- > *r̥ˤ- > trh-)
差	*[tsʰ]raj 
差	*[tsʰ](ˤ)raj 
祡	*[C.dz]ˤre(j) 
儕	*[dz]ˤ<r>əj 
豺	*[dz]ˤrə 
蠆	*mə-r̥ˤa[t]-s 
幨	*[tʰ]am 
襜	*[tʰ]am 
廛	*[d]ra[n] 
躔	*[d]ra[n] 
纏	*[d]ra[n] 
孱	*[dz]r[a][n] 
蟬	*[d]a[r] 
單	*dar (< *[d]ar)
產	*s-ŋrarʔ 
諂	*qʰromʔ 
讇	*qʰromʔ 
幨	*[tʰ]am-s 
長	*Cə-[N]-traŋ 
場	*[l]raŋ 
腸	*lraŋ 
嘗	*Cə.daŋ 
常	*[d]aŋ 
裳	*daŋ 
惝	*tʰaŋʔ 
敞	*tʰaŋʔ 
鬯	*tʰraŋ-s 
悵	*tʰraŋ-s 
倡	*mə-tʰaŋ-s 
唱	*mə-tʰaŋ-s 
超	*tʰr[a]w 
潮	*[N]-t<r>aw 
朝	*m-t<r>aw 
巢	*[dz]ˤraw 
炒	*[tsʰ](ˤ)r[e]wʔ 
車	*[t.qʰ](r)A 
澈	*[d]ret 
徹	*m-[tʰ]ret 
撤	*m-tʰret 
徹	*m-tʰret 
坼	*Nə-qʰˤ<r>ak (W dialect: *qʰˤr- > *r̥ˤ- > trh-)
撤	*tʰret 
徹	*tʰret 
徹	*tʰret 
瞋	*tʰi[n] 
沈	*C.[d]r[ə]m (~ *m-lr[ə]m)
沈	*[d]r[ə]m (~ *m-lr[ə]m)
沈	*[d]r[ə]m 
沈	*[d]r[ə]m-s 
塵	*[d]rə[n] 
陳	*lri[n] 
煁	*[d][ə]m 
忱	*[t.ɢ][u]m 
諶	*[t.ɢ][u]m 
辰	*[d]ər 
晨	*[d]ər 
臣	*[g]i[ŋ] 
晨	*sə-[d]ər 
瞠	*tʰˤraŋ 
赬	*[t.kʰ]reŋ 
䞓	*t-kʰreŋ 
稱	*tʰəŋ 
棖	*m-tˤ<r>aŋ 
𣥺	*m-tˤ<r>aŋ 
橙	*[d]ˤrəŋ 
澄	*[d]rəŋ 
懲	*m-trəŋ 
程	*(C.)lreŋ 
程	*l<r>eŋ 
呈	*lreŋ 
承	*[m-t]əŋ 
丞	*m-təŋ 
成	*[d]eŋ 
城	*[d]eŋ 
誠	*[d]eŋ 
盛	*[d]eŋ 
成	*m-[d]eŋ 
乘	*Cə.ləŋ 
塍	*m.ləŋ (~ *mə.ləŋ)
逞	*[l̥]reŋʔ 
騁	*[r̥]eŋʔ 
稱	*mə-tʰəŋ-s 
絺	*qʰrəj (dialect: *qʰr- > *r̥- > trh-)
离	*r̥aj 
魑	*r̥aj 
螭	*r̥aj (E dialect: *r̥- > trh-)
鴟	*tʰij 
治	*C.lrə 
持	*[d]rə 
蚳	*[d]r[ij] 
坻	*[d]rij 
遟	*l<r>ə[j] 
遲	*l<r>ə[j] 
池	*Cə.lraj 
踟	*[d]re 
馳	*[l]raj 
篪	*lre 
弛	*l̥ajʔ 
恥	*n̥rəʔ 
齒	*t-[k]ʰə(ŋ)ʔ (or *t.ŋ̊əʔ)
哆	*[t-l̥]Ajʔ 
哆	*[t-l̥]ajʔ 
侈	*t-l̥ajʔ 
尺	*tʰAk 
翅	*s-kʰe-s 
勅	*(m-)r̥ək 
熾	*tʰək-s 
赤	*[t-qʰ](r)Ak 
㡿	*t-qʰAk 
斥	*tʰAk 
厈	*tʰAk 
沖	*[d]ruŋ 
舂	*s-toŋ 
憃	*s.toŋ 
憃	*[q]ʰˤ<r>oŋ 
忡	*tʰruŋ 
衝	*tʰoŋ 
充	*tʰuŋ 
重	*[m]-troŋ 
蟲	*C.lruŋ 
崇	*[dz]<r>uŋ 
寵	*r̥oŋʔ 
抽	*l̥ru 
瘳	*r̥iw 
稠	*[d]riw 
綢	*[d]riw 
𠃬	*[d]ru 
𢏚	*[d]ru 
疇	*[d]ru 
疇	*[d]ru 
愁	*[dz]riw 
讎	*[d]u 
丑	*[n̥]ruʔ 
杻	*n̥<r>uʔ 
杽	*n̥<r>uʔ 
醜	*t.qʰuʔ 
醜	*t.qʰuʔ 
臭	*t-qʰu(ʔ)-s 
臭	*qʰu(ʔ)-s 
初	*[ts]ʰra 
出	*t-kʰut 
除	*[l]<r>a 
廚	*[d]ro 
躕	*[d]ro 
鉏	*s-[l]<r>a 
鋤	*s-[l]<r>a 
鋤	*s-[l]<r>a 
芻	*[tsʰ]ro 
楚	*[s.r̥]aʔ 
楚	*s.r̥aʔ 
楚	*s.r̥aʔ 
處	*t.qʰaʔ 
杵	*t.qʰaʔ 
豖	*tʰrok 
畜	*qʰ<r>uk-s 
畜	*qʰ<r>uk 
稸	*qʰ<r>uk 
滀	*qʰ<r>uk 
黜	*t.kʰ<r>ut 
處	*t.qʰaʔ-s 
觸	*tʰok 
俶	*tʰuk 
揣	*s-tʰ<r>orʔ 
嘬	*[tsʰ](ˤ)ro[t]-s 
嘬	*[tsʰ](ˤ)ro[t]-s 
巛	*t.l̥u[n] (MC -jwen is irregular)
川	*t.l̥u[n] (MC -jwen is irregular)
穿	*tʰo[n] 
椽	*lron 
傳	*m-tron 
輲	*[d]or 
船	*Cə.lo[n] 
舛	*[tʰ]o[n]ʔ 
喘	*[tʰ]orʔ 
窻	*s-l̥ˤ<r>oŋ 
窗	*s-l̥ˤ<r>oŋ 
䆫	*s-l̥ˤ<r>oŋ 
創	*[tsʰ]raŋ 
瘡	*[tsʰ]raŋ 
撞	*[N-t]ˤ<r>oŋ 
幢	*[d]ˤroŋ 
牀	*k.dzraŋ 
創	*[tsʰ]raŋ-s 
吹	*tʰo[r] 
錘	*m-t<r>oj 
椎	*k.druj 
垂	*[d]o[j] 
捶	*tojʔ 
吹	*tʰo[r]-s 
出	*t-kʰut-s 
䡅	*[l̥]ru[n] 
輴	*l̥ru[n] 
春	*tʰun 
純	*[d]u[n] 
純	*[d]u[n] 
淳	*[d]u[r] 
淳	*[d]u[r] 
淳	*[d]u[r] 
鶉	*[d]ur 
脣	*sə.dur 
漘	*sə.dur 
躇	*tʰrak 
綴	*trot 
輟	*trot 
錣	*tˤrot 
綽	*tʰawk 
啜	*tʰot 
歠	*tʰot 
差	*tsʰraj 
慈	*[N-ts]ə 
餈	*dzij 
辭	*sə.lə 
祠	*sə.lə 
詞	*sə.lə 
此	*[tsʰ]e(j)ʔ 
泚	*[tsʰ]e(j)ʔ 
賜	*s-lek-s 
次	*[s-n̥]i[j]-s 
次	*[s-n̥]i[j]-s 
朿	*[tsʰ]ek-s 
刺	*[tsʰ]ek-s 
刺	*[tsʰ]ek 
蔥	*[ts]ʰˤoŋ 
聰	*s-l̥ˤoŋ 
從	*[dz]oŋ 
叢	*dzˤoŋ 
取	*tsʰˤoʔ 
粗	*Nə-s.r̥ˤa 
徂	*[dz]ˤa 
趣	*[tsʰ]ok 
竄	*[tsʰ]ˤo[n]-s 
崔	*[dz]ˤuj 
衰	*[s.r̥]ˤruj 
催	*s-tʰˤuj 
縗	*s.r̥ˤuj 
衰	*[tsʰ]roj 
萃	*[dz][u]p-s 
脃	*[tsʰ]o[t]-s 
脆	*[tsʰ]o[t]-s 
毳	*[tsʰ]op-s 
䄟	*tsʰop-s 
膬	*[tsʰ]ot 
倅	*[tsʰ]ˤu[t]-s 
啐	*[tsʰ]ˤu[t]-s 
淬	*[tsʰ]ˤu[t]-s 
焠	*[tsʰ]ˤu[t]-s 
㯔	*[tsʰ]<r>op-s 
毳	*[tsʰ]<r>op-s 
存	*[dz]ˤə[n] 
刌	*[tsʰ]ˤu[n]ʔ 
忖	*[tsʰ]ˤu[n]ʔ 
寸	*[tsʰ]ˤu[n]-s 
差	*[tsʰ]ˤaj 
磋	*[tsʰ]ˤaj 
撮	*[tsʰ]ˤot 
鹺	*N-[ts]ˤaj 
瑳	*tsʰˤarʔ 
脞	*tsʰˤojʔ 
錯	*[tsʰ]ˤak 
措	*[tsʰ]ˤak-s 
剉	*[tsʰ]ˤoj-s 
達	*[l]ˤat 
怛	*tˤat 
答	*[t]ˤ[u]p 
荅	*[t]ˤ[ə]p 
大	*lˤat-s (MC F!)
大	*lˤa[t]-s 
汰	*lˤa[t]-s 
待	*[d]ˤəʔ 
詒	*lˤəʔ 
怠	*lˤəʔ 
殆	*lˤəʔ 
迨	*lˤəʔ 
𨽿	*lˤəʔ 
袋	*Cə.lˤək-s 
代	*lˤək-s 
隶	*m-rˤəp-s 
逮	*m-rˤəp-s 
帶	*C.tˤa[t]-s 
貸	*l̥ˤək-s 
戴	*Cə.tˤək-s 
儋	*[mə-t]ˤam 
擔	*mə-tˤam 
單	*Cə.tˤar 
鄲	*tˤa[r] 
丹	*tˤan 
耽	*[t-q]ˤ[ə]m 
膽	*[t]ˤamʔ 
癉	*tˤanʔ 
𤺺	*tˤanʔ 
亶	*tˤanʔ 
淡	*[l]ˤamʔ 
憺	*[l]ˤamʔ 
澹	*[l]ˤamʔ 
啖	*m-rˤamʔ 
啗	*m-rˤamʔ 
啗	*m-rˤamʔ-s 
但	*[d]ˤa[n]ʔ 
彈	*[d]ˤar-s 
禫	*[m.]rˤ[u]mʔ 
窞	*rˤomʔ 
萏	*rˤomʔ 
擔	*tˤam 
擔	*mə-tˤam-s 
旦	*tˤan-s 
當	*tˤaŋ 
黨	*tˤaŋʔ 
蕩	*N.rˤaŋʔ 
愓	*lˤaŋʔ 
碭	*lˤaŋ-s 
蕩	*lˤaŋ-s 
當	*tˤaŋ-s 
刀	*C.tˤaw 
道	*lˤuʔ-s 
導	*lˤuʔ-s 
禱	*[t]ˤuʔ 
倒	*tˤawʔ 
擣	*tˤuʔ 
島	*tˤuʔ 
道	*[kə.l]ˤuʔ 
稻	*[l]ˤuʔ 
盜	*[d]ˤaw(k)-s 
悼	*[d]ˤawk-s 
纛	*[d]ˤuk-s 
到	*tˤaw[k]-s 
倒	*tˤawʔ-s 
得	*tˤək 
德	*tˤək 
登	*k-tˤəŋ 
鐙	*k-tˤəŋ 
燈	*k-tˤəŋ 
豋	*tˤəŋ 
登	*tˤəŋ 
等	*tˤəŋʔ 
氐	*tˤij 
敵	*[d]ˤek 
狄	*lˤek 
翟	*lˤewk 
糴	*lˤewk 
篴	*lˤiwk 
滌	*lˤiwk 
嫡	*tˤek 
蹢	*tˤek 
氐	*tˤijʔ 
底	*tˤijʔ 
抵	*tˤijʔ 
遞	*lˤeʔ 
弟	*lˤəjʔ 
娣	*lˤəjʔ 
棣	*[N].rˤəp-s 
折	*[d]ˤet-s 
杕	*[d]ˤet-s 
軑	*[l]ˤe[t]-s 
第	*[l]ˤəjʔ-s 
睇	*lˤəj-s 
地	*[l]ˤej-s 
帝	*tˤek-s 
的	*[t-l]ˤewk 
顛	*tˤi[n] 
㓠	*tˤemʔ 
點	*tˤemʔ 
典	*tˤə[r]ʔ 
簟	*[l]ˤimʔ 
驔	*[l]ˤimʔ 
奠	*N-tˤe[n]-s 
殿	*[N-t]ˤə[n]-s 
電	*lˤi[n]-s 
佃	*lˤiŋ-s 
畋	*lˤiŋ-s 
甸	*lˤiŋ-s 
奠	*m-tˤe[n]-s 
玷	*tˤemʔ 
墊	*[t]ˤ[i]m-s 
店	*tˤem-s 
玷	*tˤemʔ-s 
㓠	*tˤemʔ-s 
殿	*tˤə[n]-s 
殿	*tˤə[n]-s 
凋	*tˤiw 
彫	*tˤiw 
雕	*tˤiw 
弔	*tˤ[i]wk 
釣	*[t]ˤewk-s 
弔	*tˤ[e]wk-s 
跌	*lˤi[t] 
疊	*lˤ[i]p 
蝶	*lˤep 
墆	*[d]ˤet 
垤	*[d]ˤi[t] 
迭	*lˤi[t] 
墊	*[t]ˤip 
釘	*tˤeŋ 
丁	*tˤeŋ 
丁	*tˤeŋ 
頂	*tˤeŋʔ 
鼎	*tˤeŋʔ 
定	*N-tˤeŋ-s 
定	*m-tˤeŋ-s 
釘	*tˤeŋ-s 
定	*tˤeŋ-s 
冬	*tˤuŋ 
東	*tˤoŋ (< *tˤoŋʔ ?)
動	*[Cə-m-]tˤoŋʔ 
凍	*tˤoŋ-s 
兜	*tˤo 
斗	*tˤoʔ 
豆	*[N.t]ˤo-s 
豆	*[d]ˤok-s 
脰	*kə.dˤok-s 
竇	*lˤok-s 
鬥	*tˤok-s 
鬭	*tˤok-s 
都	*tˤa 
毒	*[d]ˤuk 
纛	*dˤuk 
毒	*m-[d]ˤuk-s 
讀	*C.lˤok 
獨	*[d]ˤok 
櫝	*lˤok 
牘	*lˤok 
犢	*lˤok 
裻	*[s]ˤuk 
裻	*tˤuk 
篤	*tˤuk 
賭	*mə.tˤaʔ 
堵	*tˤaʔ 
堵	*tˤaʔ 
睹	*tˤaʔ 
肚	*tˤaʔ 
肚	*m-tˤaʔ 
度	*[d]ˤak-s 
渡	*[d]ˤak-s 
妬	*tˤak-s 
妒	*tˤak-s 
蠹	*tˤak-s 
耑	*tˤor 
端	*tˤor 
短	*tˤorʔ 
斷	*N-tˤo[n]ʔ 
斷	*tˤo[n]ʔ 
段	*tˤo[n]-s 
斷	*tˤo[n]ʔ-s 
𠂤	*C.tˤuj 
堆	*C.tˤuj 
敦	*tˤur (dialect: *-r > *-j)
懟	*[d]r[u][p]-s 
兑	*lˤot-s 
兑	*lˤot-s 
隊	*lˤut-s 
轛	*[t]<r>u[t]-s 
對	*[t]ˤ[u]p-s 
敦	*tˤur 
敦	*tˤur 
豚	*lˤu[n]ʔ 
遯	*lˤu[n]ʔ 
盾	*lˤu[n]ʔ 
遁	*lˤu[n]ʔ 
遯	*lˤu[n]ʔ-s 
遁	*lˤu[n]ʔ-s 
多	*[t.l]ˤaj 
咄	*[t]ˤut 
度	*[d]ˤak 
鐸	*lˤak 
奪	*Cə.lˤot 
掇	*t<r>ot 
掇	*tˤot 
舵	*lˤajʔ  (~ *C.lˤajʔ)
墮	*lˤojʔ 
惰	*lˤojʔ 
阿	*qˤa[j] 
阿	*ʔˤa (< *qˤaj)
鵝	*ŋˤa[r] 
蛾	*ŋˤaj 
額	*C.ŋˤrak (no pre-Qín exx?)
譌	*[m]-qʷʰˤaj 
吪	*m-qʷʰˤaj 
訛	*m-qʷʰˤaj 
堊	*ʔˤak 
惡	*ʔˤak 
閼	*qˤat 
遏	*qˤat 
頞	*ʔˤat 
戹	*qˤ<r>[i]k 
厄	*qˤ<r>[i]k 
軛	*qˤ<r>[i]k 
阨	*qˤ<r>[i]k 
搤	*qˤ<r>[i]k 
隘	*qˤ<r>[i]k 
餓	*ŋˤaj-s 
愕	*N-qʰˤak 
咢	*[ŋ]ˤak 
遌	*ŋˤak 
諤	*ŋˤak 
恩	*ʔˤə[n] 
而	*nə 
兒	*ŋe 
爾	*nˤ[ə][r]ʔ 
耳	*C.nəʔ 
耳	*nəʔ 
餌	*[C.]nə(ʔ)-s 
尔	*n[ə][r]ʔ 
爾	*n[ə][r]ʔ 
爾	*n[ə][r]ʔ 
邇	*n[ə][r]ʔ 
二	*ni[j]-s 
貳	*ni[j]-s 
發	*Cə.pat 
乏	*[b](r)[o]p 
罰	*[b][a]t 
伐	*m-pat 
法	*[p.k]ap 
灋	*[p.k]ap 
髮	*pot 
番	*pʰar 
蕃	*par 
藩	*par 
笲	*[b]ro[n]-s 
凡	*[b]rom 
煩	*[b]a[n] 
燔	*[b]ar 
蕃	*[b]ar 
繁	*[b]ar 
反	*[b]ˤranʔ 
反	*Cə.panʔ 
返	*Cə.panʔ 
範	*[b](r)omʔ 
范	*[b](r)omʔ 
范	*[m-pʰ](r)omʔ 
飯	*bo[n]ʔ 
飯	*bo[n]ʔ-s 
汎	*[b](r)[u]m 
泛	*pʰ(r)[o]m-s 
芳	*[pʰ]aŋ 
方	*C-paŋ 
方	*paŋ 
方	*paŋ 
匚	*paŋ 
房	*[Cə-N-]paŋ 
坊	*[b]aŋ 
魴	*[b]aŋ 
防	*[m-p]aŋ 
妨	*pʰaŋ 
舫	*pˤaŋ-s 
紡	*pʰaŋʔ 
髣	*pʰaŋʔ 
訪	*pʰaŋ-s 
放	*paŋʔ 
昉	*paŋʔ 
瓬	*paŋʔ 
旊	*paŋʔ 
舫	*paŋ-s 
放	*paŋ-s 
妃	*pʰ[ə][j] 
飛	*Cə.pə[r] (dialect: *-r > *-j)
扉	*pə[j] 
非	*pəj 
肥	*[b][ə]r 
朏	*pʰ[ə]jʔ 
誹	*pə[j] 
匪	*pəjʔ 
匪	*pəjʔ 
蜚	*pəjʔ 
吠	*Cə.bo[t]-s 
昲	*pʰ[u]t-s 
費	*pʰ[u]t-s 
肺	*pʰo[t]-s 
祓	*pʰut 
沸	*Nə.p[u][t]-s 
疿	*pu[t]-s 
廢	*[p-k]ap-s 
廢	*pat-s 
祓	*po[t]-s 
𦐈	*(Cə.)pə[r] 
饙	*pu[r] 
分	*pə[n] 
焚	*[b]u[n] 
賁	*[b]ur 
粉	*mə.pənʔ 
憤	*[b]urʔ 
分	*[m]-pə[n]-s 
奮	*(Cə.)pə[r]-s (W dialect)
糞	*p[u]r-s 
豐	*pʰ(r)oŋ 
豐	*pʰ(r)oŋ 
豐	*pʰ(r)oŋ 
蜂	*pʰ(r)oŋ 
鋒	*pʰ(r)oŋ 
豐	*pʰ(r)oŋ (MC F!)
封	*p(r)oŋ 
風	*prəm 
縫	*(mə-)[b](r)oŋ (~ *C.[b](r)oŋ)
逢	*[C.b](r)oŋ 
覂	*p(r)omʔ (dialect: *-om > *-oŋ)
奉	*m-pʰ(r)oŋʔ 
縫	*C.[b](r)oŋ-s 
奉	*pʰ(r)oŋʔ 
賵	*[pʰ](r)u[ŋ]-s 
風	*prəm-s 
諷	*prəm-s 
缶	*p(r)uʔ 
否	*pəʔ 
鋪	*pʰ(r)a 
敷	*pʰ(r)a 
夫	*p(r)a 
膚	*pra 
怫	*[b][u]t-s 
幞	*[b](r)ok 
符	*[b](r)o 
夫	*[b]a 
夫	*ba 
扶	*m-[p](r)a 
扶	*m-[p](r)a 
佛	*[b][u]t 
怫	*[b][u]t 
咈	*[m-p][u]t 
枹	*[b](r)u 
蜉	*[b](r)u 
浮	*m.b(r)u 
伏	*[b]ək-s 
畐	*[b]ək 
匐	*[b]ək 
𠬝	*[b]ək 
服	*[b]ək 
服	*[b]ək 
服	*[b]ək 
箙	*[b]ək 
伏	*[b]ək 
匐	*[b]ˤək (< *[b]ˤuk ?)
刜	*pʰ[u]t 
拂	*pʰ[u]t 
彿	*pʰ[u]t 
茀	*pʰ[u]t 
艴	*pʰ[u]t 
幅	*p<r>ək 
弗	*p[u]t 
茀	*p[u]t 
紱	*put 
弗	*put 
弗	*put 
福	*pək 
輻	*pək 
幅	*pək 
幅	*pək 
輔	*[b](r)aʔ 
腐	*[b](r)oʔ 
撫	*[pʰ](r)aʔ 
鈇	*p(r)aʔ 
父	*p(r)aʔ 
斧	*p(r)aʔ 
甫	*p(r)aʔ 
脯	*p(r)aʔ 
簠	*p(r)aʔ 
府	*p(r)oʔ 
甫	*praʔ 
縛	*bak 
父	*[N-p](r)aʔ 
附	*N-p(r)oʔ-s 
傅	*[b](r)[a]-s 
阜	*[b](r)uʔ 
服	*[b]əʔ 
負	*[b]əʔ 
婦	*mə.bəʔ (or *tsə.-? see Min)
復	*[N]-pruk-s 
复	*m-p(r)uk 
復	*m-p(r)uk 
輹	*m-p(r)uk 
𠠦	*pˤrək 
副	*pʰrək 
赴	*pʰ(r)ok-s 
覆	*pʰ(r)uk-s 
副	*pʰək-s 
覆	*pʰ(r)uk 
傅	*p(r)a(ʔ)-s 
賦	*p(r)a-s 
賦	*p(r)a-s 
付	*p(r)o-s 
富	*pək-s 
腹	*p(r)uk 
複	*p(r)uk 
該	*[k]ˤə 
改	*C.qˤəʔ 
攺	*C.qˤəʔ 
蓋	*[k]ˤap-s 
匃	*[k]ˤat-s 
匃	*[k]ˤat 
概	*[k]ˤə[t]-s 
溉	*[k]ˤə[t]-s 
甘	*[k]ˤ[a]m 
干	*[k]ˤar 
乾	*[k]ˤar 
漧	*[k]ˤar 
干	*kˤa[r] 
奸	*kˤa[r] 
干	*kˤar 
干	*kˤar 
竿	*kˤar 
肝	*s.kˤa[r] 
敢	*[k]ˤamʔ 
秆	*kˤa[r]ʔ 
笴	*kˤarʔ 
簳	*kˤarʔ 
感	*kˤ[ə]mʔ 
倝	*[k]ˤar-s 
幹	*[k]ˤar-s 
贛	*k[o]mʔ 
贛	*[k]ˤom-s 
鋼	*C.kˤaŋ 
亢	*k-ŋˤaŋ 
剛	*kˤaŋ 
綱	*kˤaŋ 
高	*Cə.[k]ˤaw 
膏	*Cə.kˤaw 
皋	*[k]ˤu 
鼛	*[k]ˤu 
膏	*[k]ˤaw-s 
稿	*Cə.[k]ˤawʔ 
告	*kˤuk-s 
誥	*kˤuk-s 
告	*kˤuk 
郜	*kˤuk 
歌	*[k]ˤaj 
胳	*[C.q]ˤak 
割	*Cə-kˤat 
鴿	*[k]ˤ[ə]p (no pre-Qín exx.)
戈	*kʷˤaj 
𢓜	*kˤrak 
格	*kˤrak 
閣	*C.kˤak 
葛	*[k]ˤat 
鬲	*C.qˤ<r>ik 
隔	*[k]ˤrek 
革	*kˤrək 
革	*kˤrək 
韐	*[k]ˤ<r>[ə]p 
閤	*[k]ˤ[o]p 
韐	*[k]ˤ[ə]p 
合	*kˤop 
箇	*kˤa[r]-s 
個	*kˤa[r]-s 
个	*kˤa[r]-s 
各	*kˤak 
根	*[k]ˤə[r] 
亙	*[k]ˤəŋ-s 
更	*kˤraŋ 
庚	*kˤraŋ 
羹	*kˤraŋ 
耕	*kˤ<r>eŋ 
梗	*kˤraŋʔ 
耿	*[k]ˤreŋʔ 
更	*kˤraŋ-s 
供	*k<r>oŋ 
龏	*k<r>oŋ 
龔	*k<r>oŋ 
恭	*k<r>oŋ 
宮	*k(r)uŋ 
躳	*k(r)uŋ 
躬	*k(r)uŋ 
弓	*kʷəŋ 
公	*C.qˤoŋ 
公	*C.qˤoŋ 
工	*kˤoŋ 
工	*kˤoŋ 
功	*kˤoŋ 
攻	*kˤoŋ 
觥	*[k]ʷˤraŋ 
𠃋	*[k]ʷˤəŋ 
肱	*[k]ʷˤəŋ 
𢀜	*k(r)oŋʔ 
鞏	*k(r)oŋʔ 
廾	*k(r)oŋʔ 
𠬞	*k(r)oŋʔ 
拱	*k(r)oŋʔ 
拲	*k(r)oŋʔ 
共	*N-k(r)oŋʔ-s 
贛	*[k]ˤom-s (dialect: *-om > *-oŋ)
貢	*[k]ˤom-s ( < *[k]ˤom-s)
句	*[k]ˤ(r)o 
溝	*[k]ˤ(r)o 
篝	*[k]ˤ(r)o 
鉤	*[kˤ](r)o 
狗	*Cə.kˤroʔ 
苟	*[k]ˤ(r)oʔ 
句	*[k]ˤ(r)ok-s 
彀	*[k]ˤ(r)ok-s 
冓	*kˤ(r)o-s 
媾	*kˤ(r)o-s 
覯	*kˤ(r)o-s 
購	*kˤ(r)o-s 
訽	*qʰˤ(r)o-s 
呱	*kʷˤa 
孤	*kʷˤa 
罛	*kʷˤa 
姑	*kˤa 
菇	*mə.kˤa 
賈	*C.qˤaʔ 
牯	*Cə.kʷˤaʔ 
羖	*Cə.kʷˤaʔ 
鼓	*[k]ˤaʔ 
鼔	*[k]ˤaʔ 
瞽	*[k]ˤaʔ 
蠱	*[k]ˤaʔ 
股	*kʷˤaʔ 
古	*kˤaʔ 
谷	*C.qˤok 
穀	*[k]ˤok 
轂	*[k]ˤok 
汩	*[kʷ]ˤ[ə]t 
骨	*kˤut 
雇	*[C.q]ʷˤa(ʔ)-s 
顧	*[k]ʷˤaʔ-s (~ *[k]ʷˤaʔ)
痼	*[k]ˤa-s 
固	*[k]ˤa-s 
錮	*[k]ˤaʔ-s 
故	*kˤa(ʔ)-s 
故	*kˤaʔ-s 
騧	*[k]ˤroj 
瓜	*kʷˤra 
刮	*[kʷˤ]r[a]t 
𠯑	*[k]ʷˤat (Shuōwén; no pre-Qín exx.)
劀	*[k]ʷˤri[t] 
寡	*[C.k]ʷˤraʔ 
冎	*kʷˤrajʔ 
卦	*[k]ʷˤre-s 
挂	*[k]ʷˤre-s 
絓	*[k]ʷˤre-s 
乖	*kʷˤrəj 
夬	*[k]ʷˤret-s 
怪	*[k]ʷˤrə-s 
關	*[k]ˤro[n] 
關	*[k]ˤro[n] 
關	*kˤro[n] 
倌	*kʷˤra[n]-s 
觀	*C.qʷˤar 
冠	*[k.ʔ]ˤor 
官	*kʷˤa[n] 
棺	*kʷˤa[n] 
鰥	*[k]ʷˤrə[n] 
鰥	*[k]ʷˤrə[n] 
綸	*k.rˤu[n] (dialect: *k.rˤ- > *kˤr-)
管	*[k]ˤo[n]ʔ 
筦	*[k]ˤo[n]ʔ 
痯	*kʷˤa[n]ʔ 
管	*kʷˤa[n]ʔ 
管	*kʷˤa[n]ʔ 
館	*[k]ˤo[n]ʔ-s 
摜	*kˤro[n]-s 
慣	*kˤro[n]-s 
串	*kˤro[n]-s 
貫	*kˤo[n] 
雚	*C.qʷˤar-s 
鸛	*C.qʷˤar-s 
觀	*C.qʷˤar-s 
觀	*C.qʷˤar-s 
灌	*[C.qʷ]ˤar-s 
祼	*[k]ˤor(ʔ)-s 
冠	*k.ʔˤor-s 
貫	*kˤon-s 
光	*kʷˤaŋ 
廣	*kʷˤaŋʔ 
廣	*kʷˤaŋʔ-s 
龜	*[k]ʷə 
歸	*[k]ʷəj 
媯	*C.qʷ(r)aj 
規	*kʷe 
圭	*[k]ʷˤe 
龜	*[k]ʷrə 
瑰	*[k]ˤuj 
鬼	*k-ʔujʔ 
詭	*[k](r)ojʔ 
癸	*kʷijʔ 
簋	*kʷruʔ 
軌	*kʷruʔ 
跪	*[g](r)ojʔ 
匱	*[g]ruj-s 
櫃	*[g]ruj-s 
貴	*kuj-s 
劌	*[C.qʷ](r)a[t]-s 
撅	*k(r)[o][t]-s 
檜	*[k]ˤ[o][p]-s 
襘	*kˤop-s 
過	*Cə.kʷˤaj 
過	*kʷˤaj 
郭	*kʷˤak 
虢	*[k]ʷˤrak 
馘	*C.qʷˤ<r>ək 
國	*[C.q]ʷˤək 
果	*[k]ˤo[r]ʔ 
蜾	*kˤorʔ (*kˤorʔ.rˤorʔ, redup. infixation < *kˤorʔ ?)
裹	*s.[k]ˤo[r]ʔ 
槨	*kʷˤak 
過	*kʷˤaj-s 
蝦	*[g]ˤra 
骸	*[g]ˤrə 
孩	*[g]ˤə 
海	*m̥ˤəʔ (dialect *m̥ˤ- > x-)
害	*N-kˤat-s 
害	*m-kˤat-s 
駭	*[g]ˤrəʔ 
亥	*[g]ˤəʔ 
酣	*[g]ˤam 
邯	*[g]ˤam 
寒	*Cə.[g]ˤa[n] 
邯	*[g]ˤa[n] 
韓	*[g]ˤar 
圅	*Cə-m-kˤ[ə]m 
函	*Cə-m-kˤ[ə]m 
含	*Cə-m-kˤ[ə]m 
唅	*Cə-m-kˤ[ə]m 
涵	*[g]ˤ[o]m 
含	*Cə-m-[k]ˤ[ə]m-s 
罕	*qʰˤa[r]ʔ 
罕	*qʰˤa[r]ʔ 
旱	*[g]ˤa[r]ʔ 
汗	*Cə.[g]ˤa[r]-s 
翰	*[g]ˤar (MC implies *-s)
翰	*[g]ˤar-s 
翰	*[g]ˤar-s 
扞	*m-kˤa[r]-s 
捍	*m-kˤa[r]-s 
翰	*m-kˤar-s 
頷	*[ɢ]ˤ[ə]mʔ 
憾	*N-kˤ[ə]mʔ-s 
睅	*[ɢ]ʷˤra[r]ʔ 
暵	*n̥ˤarʔ 
厂	*ŋ̊ˤarʔ 
暵	*[qʰ]ˤarʔ-s 
漢	*n̥ˤar-s (W dialect: *n̥- > MC x-, *-r > *-n)
厂	*ŋ̊ˤar(ʔ)-s 
行	*[g]ˤaŋ 
杭	*[m]-[g]ˤaŋ 
蒿	*qʰˤaw 
茠	*qʰˤu 
薅	*qʰˤu 
號	*[C.g]ˤaw 
毫	*[g]ˤaw 
豪	*[g]ˤaw 
號	*Cə.[g]ˤaw-s 
好	*qʰˤuʔ 
浩	*[g]ˤuʔ 
号	*[g]ˤaw-s 
藃	*qʰˤaw(k)-s 
好	*qʰˤuʔ-s 
呵	*qʰˤaj 
訶	*qʰˤaj 
欱	*qʰˤ[ə]p 
河	*[C.g]ˤaj 
何	*[g]ˤaj 
荷	*[g]ˤaj 
盍	*m-[k]ˤap 
蓋	*m-[k]ˤap 
曷	*[g]ˤat 
核	*[g]ˤ<r>ək 
覈	*[g]ˤr[ə]k (or *[g]ˤrewk?)
劾	*[g]ˤək-s 
劾	*[g]ˤək 
合	*m-kˤop 
齕	*m-[q]ˤət 
禾	*[ɢ]ˤoj 
和	*[ɢ]ˤoj 
荷	*[g]ˤajʔ 
賀	*m-kˤaj-s 
鶴	*[g]ˤrawk 
翯	*[g]ˤrawk 
鶴	*[g]ˤawk 
褐	*[ɢ]ˤat 
隺	*[g]ˤawk 
和	*[ɢ]ˤoj-s 
嚇	*qʰˤ<r>ak 
赫	*qʰˤrak 
壑	*qʰˤak 
黑	*m̥ˤək (dialect *m̥ˤ- > xˤ-)
恨	*[m-q]ˤə[n]-s 
亨	*qʰˤraŋ 
桁	*[g]ˤraŋ 
衡	*[g]ˤraŋ 
恆	*[g]ˤəŋ 
橫	*C.gʷˤraŋ 
薨	*m̥ˤəŋ 
鴻	*[g]ˤoŋ 
紅	*gˤoŋ 
虹	*m-kˤoŋ 
宏	*[g]ʷˤ<r>əŋ 
弘	*[ɢ]ʷˤəŋ 
鬨	*[g]ˤoŋ-s 
侯	*[g]ˤ(r)o 
喉	*[g]ˤ(r)o 
鍭	*[g]ˤ(r)o 
猴	*mə-gˤ(r)o 
鍭	*[g]ˤ(r)o-s 
厚	*Cə.[g]ˤ(r)oʔ 
後	*[ɢ]ˤ(r)oʔ 
后	*ɢˤ(r)oʔ 
候	*[g]ˤ(r)o-s 
逅	*[g]ˤro-s 
後	*[ɢ]ˤ(r)oʔ-s 
乎	*ɢˤa 
乎	*ɢˤa 
幠	*m̥ˤa 
呼	*qʰˤa 
虍	*qʰˤra (dialect *qˤʰr- >r̥ˤ- > x-)
芴	*m̥ˤut 
忽	*m̥ˤut 
惚	*m̥ˤut 
糊	*Cə.[g]ˤa (~ *C.[g]ˤa; no pre-Qín exx.)
壺	*[g](ʷ)ˤa 
弧	*[g]ʷˤa 
狐	*[g]ʷˤa 
胡	*[g]ˤa 
湖	*[g]ˤa 
葫	*[g]ˤa 
搰	*[g]ˤut 
許	*qʰˤaʔ 
滸	*qʰˤaʔ 
滸	*qʰˤaʔ 
虎	*qʰˤraʔ (W dialect: *qˤʰr- >r̥ˤ- > x-)
祜	*[g]ˤaʔ 
鳸	*m-qʷˤaʔ 
戶	*m-qˤaʔ 
戶	*m-qˤaʔ 
扈	*m-qˤaʔ 
沍	*N-qˤaʔ-s 
瓠	*[ɢ]ʷˤa-s 
護	*[ɢ]ʷˤak-s 
互	*m-qˤaʔ-s 
枑	*m-qˤaʔ-s 
呼	*qʰˤa-s 
荂	*qʷʰ(r)a 
花	*qʷʰˤra 
華	*qʷʰˤra 
划	*C.[g]ʷˤraj (?)
華	*N-qʷʰˤra 
滑	*Nə-gˤrut 
猾	*[g]ˤrut 
猾	*[g]ˤrut 
譁	*qʷʰˤra 
輠	*[g]ˤ<r>orʔ (dialect: *-r  > *-j)
踝	*m-kˤ<r>o[r]ʔ 
華	*[ɢ]ʷˤra-s 
話	*[g]ʷˤrat-s 
畫	*C-gʷˤrek-s 
繣	*m-qʷʰˤrek-s 
劃	*gʷˤrek 
畫	*gʷˤrek 
化	*qʷʰˤ<r>aj-s 
繣	*qʷʰˤrek 
槐	*[g]ˤ<r>uj 
懷	*[g]ˤruj 
淮	*[ɢ]ʷˤrij 
槐	*[g]ˤuj 
壞	*N-[k]ˤ<r>uj-s 
壞	*m-[k]ˤ<r>uj-s 
壞	*N-[k]ˤujʔ 
壞	*m-[k]ˤujʔ 
壞	*[k]ʷˤ<r>ujʔ-s 
讙	*qʷʰar 
歡	*qʷʰˤar 
懽	*qʷʰˤar 
驩	*qʷʰˤar 
驩	*qʷʰˤar 
環	*C.ɢʷˤ<r>en 
睘	*[ɢ]ʷˤ<r>en 
還	*[ɢ]ʷˤ<r>en 
亘	*[ɢ]ʷˤar 
桓	*[ɢ]ʷˤar 
雈	*ɢʷˤar 
桓	*ɦʷˤar (< *[ɢ]ʷˤar)
貆	*qʷʰar 
緩	*[ɢ]ʷˤa[n]ʔ 
患	*[g]ˤro[n]-s 
擐	*[ɢ]ʷˤren-s 
宦	*m-kʷˤ<r>a[n]-s 
輠	*[g]ˤorʔ 
浣	*[ɢ]ˤo[n]ʔ 
換	*[ɢ]ʷˤa[n]-s 
渙	*qʷʰˤa[n]-s 
巟	*m̥ˤaŋ 
衁	*m̥ˤaŋ 
荒	*m̥ˤaŋ 
黃	*N-kʷˤaŋ 
皇	*[ɢ]ʷˤaŋ 
皇	*[ɢ]ʷˤaŋ 
徨	*[ɢ]ʷˤaŋ 
煌	*[ɢ]ʷˤaŋ 
煌	*[ɢ]ʷˤaŋ 
隍	*[ɢ]ʷˤaŋ 
蝗	*[ɢ]ʷˤaŋ 
詤	*m̥ˤaŋ 
芒	*m̥ˤaŋʔ 
詤	*m̥ˤaŋʔ 
慌	*m̥ˤaŋʔ 
隓	*lˤojʔ 
徽	*m̥əj 
揮	*qʷʰər 
暉	*qʷʰər 
煇	*qʷʰər 
輝	*qʷʰər 
楎	*qʷʰər 
墮	*l̥oj (W. dialect: *l̥- > x-)
隳	*l̥oj 
虺	*[r̥]ˤu[j] (W dialect: *r̥- > MC x-)
灰	*m̥ˤə 
回	*[ɢ]ʷˤəj 
迴	*[ɢ]ʷˤəj 
虺	*[r̥]u[j]ʔ (W dialect: *r̥- > MC x-)
𤈦	*m̥əjʔ 
虺	*r̥u[j]ʔ (W dialect: *r̥- > MC x-)
毀	*[m̥](r)ajʔ 
烜	*qʷʰarʔ (dialect: *-r > *-j)
悔	*m̥ˤəʔ 
穢	*qʷat-s 
會	*m-kˤop-s 
會	*ɦʷˤajs (< *m-kˤop-s)
慧	*[ɢ]ʷˤe[t]-s 
惠	*[ɢ]ʷˤi[j]-s 
叀	*ɢʷˤ[i]j-s 
輠	*[g]ˤurʔ 
喙	*t-l̥o[rʔ]-s 
隋	*l̥oj-s (W. dialect: *l̥- > x-)
喙	*l̥o[rʔ]-s (W dialect: *l̥- > MC x-) 
顪	*qʷʰa[t]-s 
翽	*qʷʰˤat-s 
嘒	*qʷʰˤi[t]-s 
賄	*qʷʰˤəʔ 
誨	*m̥ˤə(ʔ)-s 
晦	*m̥ˤək-s 
靧	*qʰˤuj-s 
彗	*s-[ɢ]ʷe[t]-s 
昏	*m̥ˤu[n] 
婚	*m̥ˤu[n] 
渾	*[g]ˤ[u]r 
魂	*[m.]qʷˤə[n] 
楎	*[ɢ]ʷˤər 
渾	*[g]ˤurʔ 
活	*[g]ʷˤat 
夥	*[gʷˤ]ajʔ 
火	*[qʷʰ]ˤəjʔ 
禍	*[g]ʷˤajʔ 
擭	*m-qʷˤrak-s 
穫	*m-qʷˤak 
蒦	*m-qʷˤrak 
獲	*m-qʷˤrak 
或	*[ɢ]ʷˤək 
惑	*[ɢ]ʷˤək 
貨	*qʷʰˤaj-s 
濊	*qʷʰˤat 
畿	*[g]ə[r] (dialect: *-r > *-j?)
屐	*Cə.[g]rek 
枅	*[k]ˤer (dialect: *-r > *-j)
笄	*[k]ˤer  (dialect: *-r > *-j)
雞	*kˤe 
鷄	*kˤe 
𥝌	*kˤij 
稽	*kˤij 
稽	*kˤij 
稽	*kˤij 
激	*[k]ˤewk 
擊	*kˤik 
姬	*[k](r)ə 
箕	*k(r)ə 
基	*k(r)ə 
飢	*Cə.k<r>ə[j] 
肌	*krə[j] 
机	*krəjʔ 
饑	*kə[j] 
幾	*kəj 
機	*kəj 
奇	*[k](r)aj 
羈	*kraj 
䪡	*[ts]ˤij 
躋	*[ts]ˤəj 
隮	*[ts]ˤəj 
績	*[ts]ˤek 
積	*[ts]ek 
輯	*[dz][u]p 
集	*[dz][u]p 
疾	*[dz]i[t] 
籍	*[dz]Ak 
藉	*[dz]Ak 
極	*[g](r)ək 
及	*[m-k-]rəp 
佶	*[g]ri[t] 
亟	*k(r)ək 
棘	*krək 
朸	*krək 
急	*[k](r)əp 
級	*k(r)əp 
吉	*C.qi[t] (*C.q- > *k-, escaping palatalization)
即	*[ts]ik 
即	*[ts]ik 
揖	*s.qrip (dialect: MC tsr- > ts-)
堲	*tsik 
楫	*[ts]əp (MC V!)
濈	*s.q<r>[i]p 
輯	*ts<r>[u]p 
己	*k(r)əʔ 
己	*k(r)əʔ 
紀	*k(r)əʔ 
几	*C.kr[ə]jʔ 
給	*[k](r)[ə]p 
幾	*kəjʔ 
戟	*[k]rak 
丮	*[k]rak 
濟	*[ts]ˤ[i]jʔ 
濟	*[ts]ˤəjʔ 
濟	*[ts]ˤəjʔ 
泲	*tsˤ[i]jʔ 
脊	*[ts]ek 
薺	*dzˤ[ə]jʔ 
寂	*s-[d]ˤiwk 
忌	*m-k(r)ək-s 
暨	*[m-k-]rəp-s 
踦	*[g](r)ajʔ 
伎	*[g]reʔ 
技	*[g]reʔ 
芰	*[g]re-s 
悸	*[g]ʷi[t]-s 
繫	*Cə.kˤe-s 
繼	*[k]ˤ[e]-s 
髻	*kˤi[t]-s 
計	*kˤij-s 
記	*C.k(r)ə(ʔ)-s 
冀	*[k]rə[t]-s (dial. < *[k]rək-s ?)
既	*[k]ə[t]-s 
寄	*C.[k](r)aj-s 
罽	*[k](r)[a][t]-s 
猘	*k<r>e[t]-s 
瘈	*ke[t]-s (dialect: no palatalization)
季	*kʷi[t]-s 
濟	*[ts]ˤ[i]j(ʔ)-s 
濟	*[ts]ˤ[i]j(ʔ)-s 
績	*[ts]ˤek 
稷	*[ts]ək 
穄	*[ts][a][t]-s 
際	*[ts][a]p-s 
祭	*[ts]et-s 
跡	*[ts]ek 
迹	*[ts]ek 
𨒪	*[ts]ek 
蹟	*[ts]ek 
嘉	*kˤ<r>aj 
家	*kˤra 
豭	*kˤra 
加	*kˤraj 
梜	*C.kˤ<r>ep (MC -aep is irregular)
夾	*kˤ<r>ep 
梜	*kˤep 
戛	*kˤrik 
跲	*[k](r)op 
叚	*Cə.kˤraʔ 
假	*Cə.kˤraʔ 
斝	*[k]ˤraʔ 
假	*kˤraʔ 
甲	*[k]ˤr[a]p 
賈	*C.qˤ<r>aʔ-s (or *mə.qˤ<r>aʔ-s?)
價	*C.qˤ<r>aʔ-s (or *mə.qˤ<r>aʔ-s?)
嫁	*kˤra-s 
稼	*kˤra-s 
駕	*kˤraj-s 
嫁	*s-kˤra-s 
佳	*[k]ˤre 
戔	*[dz]ˤa[n] 
監	*[k]ˤram 
姦	*[k]ˤran 
蕑	*k.rˤan (dialect: *k.rˤ- > *kˤr-)
蕑	*k.rˤe[n] (dialect: *k.rˤ- > kˤr-)
間	*kˤre[n] 
間	*kˤre[n] 
𡏳	*kˤrə[r] 
艱	*kˤrə[r] 
囏	*kˤrə[r] 
兼	*[k]ˤem 
蒹	*[k]ˤem 
豣	*[k]ˤe[n] 
肩	*[k]ˤe[n] 
枅	*[k]ˤer (W dialect)
堅	*kˤi[ŋ] 
𩱡	*C.qa[n] 
漸	*[ts]am 
熸	*ts[o]m 
儉	*[g]r[a]mʔ 
減	*m-kˤr[ə]mʔ 
減	*kˤr[ə]mʔ 
柬	*kˤr[a]nʔ 
揀	*kˤr[a]nʔ 
簡	*kˤre[n]ʔ 
簡	*kˤre[n]ʔ 
繭	*kˤ[e][n]ʔ 
檢	*[k]r[a]mʔ 
𢵈	*krenʔ 
䭕	*Cə.ts[a]mʔ 
翦	*[ts][e][n]ʔ 
荐	*N-tsˤə[n]-s 
荐	*[N-ts]ˤə[n]-s 
洊	*[N-ts]ˤə[n]-s 
栫	*[dz]ˤə[n]-s 
漸	*[dz]amʔ 
踐	*[dz]a[n]ʔ 
俴	*[dz]e[n]ʔ 
賤	*[dz][a][n]-s 
件	*[g]r[a][n]ʔ (no pre-Qín exx?)
檻	*[g]ˤramʔ 
檻	*[g]ˤramʔ 
檻	*[g]ˤamʔ 
監	*kˤram-s 
澗	*[k]ˤra[n]-s (rhymes as if *[k]ˤra[n])
諫	*kˤranʔ(-s) (~ *kˤranʔ)
見	*[k]ˤen-s 
劍	*s.kr[a]m-s 
建	*[k]a[n]-s 
僭	*tsˤ[i]m-s 
薦	*Cə.tsˤə[r]-s 
濺	*[ts][a][n]-s 
箭	*[ts]en-s 
江	*kˤroŋ 
姜	*C.qaŋ 
薑	*[k]aŋ 
畺	*kaŋ 
疆	*kaŋ 
將	*[ts]aŋ 
漿	*[ts]aŋ 
講	*kˤroŋʔ 
奬	*[ts]aŋʔ 
匠	*s.baŋ-s 
虹	*kˤroŋ-s 
降	*kˤruŋ-s (? < *-[u]m-s)
將	*[ts]aŋ-s 
醬	*[ts]aŋ-s 
茭	*[k]ˤr[a]w 
交	*[k]ˤraw 
郊	*[k]ˤraw 
膠	*[k]ˤriw 
教	*s.[k]ˤraw 
徼	*[k]ˤew 
椒	*s.tˤiw 
椒	*S.tew 
焦	*S.tew 
焦	*S.tew 
膠	*[k]ˤriwʔ 
絞	*k-rˤ[i]wʔ (dialect: *k.rˤ- > *kˤr-) 
攪	*kˤruʔ 
鉸	*mə-[k]ˤr[a]wʔ 
角	*C.[k]ˤrok 
僥	*[k]ˤewʔ 
腳	*[k]ak 
脚	*[k]ak 
矯	*[k](r)[a]wʔ 
剿	*[ts]awʔ 
噍	*[dz]ewk-s 
覺	*kˤruk-s 
窖	*kˤruk-s 
教	*s.kˤraw-s 
徼	*[k]ˤew(k)-s 
叫	*kˤewk-s 
揭	*m-[k]<r>at 
揭	*m-[k]at 
湝	*[g]ˤrəj 
街	*[k]ˤre 
皆	*kˤrij 
階	*kˤrij 
喈	*kˤrəj 
秸	*kˤri[t] 
揭	*[k]ʰ<r>at-s 
揭	*[k]ʰ<r>at 
揭	*[k]at 
嗟	*tsAj 
接	*[ts][a]p 
椄	*[ts]ap 
截	*[dz]ˤet 
捷	*[dz][a]p 
竭	*N-[k](r)at 
桀	*N-[k]<r>at 
傑	*N-[k]<r>at 
桀	*m-[k]<r>at 
袺	*kˤ<r>i[t] 
潔	*[k]ˤet 
拮	*kˤi[t] 
結	*kˤi[t] 
袺	*kˤi[t] 
詰	*[kʰ]i[t] 
劫	*k(r)ap 
桀	*[k]<r>at 
節	*tsˤik 
卪	*tsˤik 
睫	*[ts][a]p 
解	*kˤreʔ 
藉	*[dz]Ak-s 
藉	*[dz]Ak-s 
犗	*[k]ˤ<r>at-s 
疥	*C.kˤr[e][p]-s 
界	*kˤr[e][t]-s 
芥	*kˤr[e][t]-s 
介	*kˤr[e]p-s 
屆	*kˤr[i][t]-s 
戒	*kˤrək-s (~ kˤrək)
誡	*kˤrək-s 
借	*[ts]Ak-s 
借	*[ts]Ak 
今	*[k]r[ə]m 
金	*k(r)[ə]m 
䘳	*kr[ə]m 
襟	*kr[ə]m 
巾	*krən 
矜	*k-riŋ (dialect: *k-r- > k-, *-iŋ > MC -ing)
矜	*k-riŋ 
筋	*C.[k]ə[n] 
斤	*[k]ər 
津	*[ts]i[n] 
堇	*[g]rə[r] 
殣	*[g]rə[r]-s 
錦	*Cə.k(r)[ə]mʔ 
堇	*kə[r]ʔ 
謹	*kə[r]ʔ 
緊	*C.qi[n]ʔ (I! no palatalization)
盡	*tsi[n]ʔ 
盡	*m-tsi[n]ʔ 
燼	*N-tsi[n]ʔ-s 
僅	*[g]rə[r]-s 
墐	*[g]rə[r]-s 
墐	*[g]rə[r]-s 
饉	*[g]rə[r]-s 
慬	*[g]ər 
近	*N-kərʔ 
近	*s-N-kərʔ-s 
禁	*kr[ə]m-s 
蓳	*kə[r]ʔ 
蓳	*kə[r]-s 
進	*[ts][i][n]-s 
晉	*tsi[n]-s 
鯨	*[g]raŋ 
莖	*m-k-lˤ<r>eŋ 
經	*k-lˤeŋ 
巠	*k.lˤeŋ 
兢	*k(r)əŋ 
京	*[k]raŋ 
荊	*[k]reŋ 
驚	*kreŋ 
旌	*[ts]eŋ 
精	*tseŋ 
晶	*tseŋ 
頸	*m-[k]eŋ  (no palatalization before *-eŋ?)
剄	*[k]ˤeŋʔ 
景	*C.qraŋʔ 
景	*[C.q]raŋʔ 
境	*[k]raŋʔ 
警	*kreŋʔ 
頸	*[k]eŋʔ (no palatalization before *-eŋ?)
井	*C.tseŋʔ 
丼	*C.tseŋʔ 
淨	*N-tseŋ-s 
淨	*m-tseŋ-s 
競	*m-kraŋʔ-s (~ C-kraŋʔ-s)
脛	*m-kʰˤeŋ-s 
徑	*[k]ˤeŋ-s 
鏡	*C.qraŋʔ-s 
竟	*[k]raŋʔ-s 
敬	*kreŋ(ʔ)-s 
勁	*keŋ-s (no palatalization before *-eŋ?)
坰	*kʷˤeŋ 
扃	*kʷˤeŋ 
褧	*kʷʰˤeŋʔ 
囧	*k-mraŋʔ (dialect: *k.mr- > *kʷr-)
丩	*k-riw (dialect: *k-r- > *kr-)
摎	*k-riw (dialect: *k-r- > *kr-)
樛	*k-riw (dialect: *k-r- > *kr-)
樛	*k-riw (dialect: > *k-r- > *kr-)
糾	*k<r>iwʔ 
鳩	*[k](r)u 
究	*[k](r)u(ʔ)-s 
九	*[k]uʔ 
久	*[k]ʷəʔ 
灸	*[k]ʷəʔ 
韭	*s.[k](r)uʔ 
酒	*tsuʔ 
就	*[dz]u[k]-s 
臼	*C.[g]ʷəʔ 
舅	*[g](r)uʔ 
咎	*[g](r)uʔ 
舊	*N-kʷəʔ-s 
柩	*[g]ʷə-s 
廄	*[k]ʷu(ʔ)-s 
㝌	*[k]ʷə(ʔ)-s 
救	*s.k(r)u-s 
車	*C.q(r)a 
居	*k(r)a 
居	*ka 
居	*k(r)a-s (based on rhyme evidence)
鞫	*k(r)uk 
砠	*[tsʰ]a 
雎	*[tsʰ]a 
鴡	*[tsʰ]a 
且	*tsa 
娵	*[ts]o 
局	*N-kʰ(r)ok 
局	*[g](r)ok 
繘	*C.qʷi[t] 
橘	*[s.k]ʷi[t] 
狊	*kʷˤek 
鶪	*kʷˤek 
鵙	*kʷˤek 
沮	*[dz]aʔ 
舉	*C.q(r)aʔ 
舉	*[k](r)aʔ 
筥	*[k]raʔ 
莒	*k.raʔ (dialect: *k.r- > > kr-)
枸	*[k](r)oʔ 
矩	*[k]ʷ(r)aʔ 
聚	*m-tsʰoʔ 
聚	*m-tsʰoʔ-s 
粔	*[N]-k(r)aʔ 
遽	*[g](r)a(k)-s 
醵	*[g](r)ak-s 
具	*[g](r)o-s 
懼	*[g]ʷ(r)a(k)-s 
據	*k(r)a(k)-s 
鋸	*k(r)a-s 
俱	*k(r)o 
句	*[k](r)o-s 
鞻	*k-ro-s (dialect: *k-r- > *kr-)
屨	*k-ro-s (dialect: *k-r- > *kr-)
足	*[ts]ok-s 
卷	*[k](r)o[n]ʔ 
畎	*C.qʷˤ[i]nʔ 
圈	*[g](r)o[n]ʔ 
睠	*[k]ro[n]-s 
眷	*[k]ro[n]-s 
絹	*[k]ʷen-s 
絕	*[dz]ot 
𧮫	*[g]ak 
倔	*[g]ut 
掘	*[g]ut 
掘	*[g]ot 
蹷	*[g]ʷat 
玨	*[k]ˤrok 
覺	*kˤruk 
蹻	*k(r)awʔ 
矍	*C.qʷ(r)ak 
攫	*C.qʷ(r)ak 
蹷	*kʷ(r)a[t]-s 
蕨	*Cə.kot 
厥	*kot 
蹶	*kʷat 
譎	*[C.q]ʷˤi[t] 
決	*[k]ʷˤet 
決	*[k]ʷˤet 
訣	*[k]ʷˤet 
爵	*[ts]ewk 
君	*C.qur 
軍	*[k]ʷər 
均	*C.qʷi[n] 
鈞	*C.qʷi[n] 
鈞	*C.qʷi[n] 
麏	*krun 
麕	*krun 
麇	*krun 
郡	*[g]ur-s 
菌	*[g]runʔ 
駿	*[ts]ur-s 
開	*Nə-[k]ʰˤəj 
開	*[k]ʰˤəj 
豈	*C.qʰˤəjʔ 
凱	*C.qʰˤəjʔ 
愷	*C.qʰˤəjʔ 
塏	*C.qʰˤəjʔ 
鎧	*C.qʰˤəjʔ 
鎧	*C.qʰˤəjʔ-s 
嘅	*C.qʰˤəp-s 
慨	*[kʰ]ˤə[t]-s 
咳	*kʰˤək-s 
欬	*kʰˤək-s 
愾	*qʰəp-s 
看	*kʰˤa[r] 
堪	*[kʰ]ˤ[ə]m 
戡	*[kʰ]ˤ[ə]m 
竷	*[k]ʰomʔ 
坎	*[k]ʰˤomʔ 
埳	*[k]ʰˤomʔ 
欿	*[kʰ]ˤomʔ 
欿	*[kʰ]ˤomʔ 
欿	*[kʰ]ˤomʔ 
𠪚	*N-qʰˤ[ə]m 
看	*[kʰ]ˤa[r]-s 
康	*[kʰ]ˤaŋ 
康	*k-r̥ˤaŋ 
抗	*kʰˤaŋ-s 
尻	*[k]ʰˤu 
丂	*C.qʰˤuʔ (Shuōwén; no pre-Qín exx.)
考	*k-r̥ˤuʔ 
犒	*[kʰ]ˤaw-s 
柯	*[k]ˤar 
薖	*kʷʰˤaj 
可	*[k]ʰˤa[j]ʔ 
渴	*Nə-[k]ʰˤat 
客	*kʰˤrak 
刻	*[kʰ]ˤək 
克	*kʰˤək 
肯	*kʰˤəŋʔ 
牼	*m-kʰˤ<r>eŋ 
牼	*kʰˤ<r>eŋ 
空	*kʰˤoŋ 
恐	*kʰ(r)oŋʔ 
孔	*[k]ʰˤoŋʔ 
空	*kʰˤoŋʔ 
控	*kʰˤoŋ-s 
口	*kʰˤ(r)oʔ 
叩	*kʰˤ(r)oʔ 
寇	*[k]ʰˤ(r)o-s 
叩	*kʰˤ(r)oʔ-s 
枯	*kʰˤa 
哭	*[kʰ]ˤok 
堀	*[kʰ]ˤut 
窟	*[kʰ]ˤut 
苦	*kʰˤaʔ 
酷	*kʰˤuk 
庫	*[k]ʰˤa-s 
袴	*[kʷʰ]ˤa-s 
夸	*[kʷʰ]ˤra 
誇	*[kʷʰ]ˤra 
蒯	*kʰˤru[t]-s 
快	*[k]ʷʰˤret-s 
噲	*kʰr[o][p]-s 
塊	*[kʰ]ˤ<r>uj-s 
塊	*[kʰ]ˤuj-s 
膾	*C.[k]ˤ[o][p]-s 
巜	*[k]ˤop-s 
澮	*[k]ˤop-s 
鬠	*[k]ˤop-s 
會	*kˤop-s 
寬	*[k]ʷʰˤa[n] 
匡	*k-pʰaŋ 
筐	*k-pʰaŋ 
狂	*[k-ɢʷ]aŋ 
曠	*[k-m̥]ˤaŋ-s 
壙	*kʷʰˤaŋ-s 
曠	*kʷʰˤaŋ-s 
纊	*kʷʰˤaŋ-s 
況	*[m̥]aŋ-s 
況	*[m̥]aŋ-s 
虧	*[k]ʷʰ(r)aj 
窺	*kʷʰe 
葵	*gʷij 
揆	*[g]ʷijʔ 
戣	*[g]ʷrij 
頯	*[g]ʷru 
逵	*[g]ʷru 
頄	*[g]ʷru 
馗	*[g]ʷru 
睽	*kʷʰˤij 
魁	*[kʰ]ˤuj 
魁	*[kʰ]ˤuj 
魁	*[kʰ]ˤuj 
蕢	*[g]ruj-s 
饋	*[g]ruj-s 
餽	*[g]ruj-s 
潰	*[gʷ]ˤ[ə]j-s 
喟	*[k]ʷʰˤrə[t]-s 
簣	*kʰˤruj-s 
喟	*[k]ʷʰrə[t]-s 
愧	*[k]ruj-s 
聵	*[ŋ]ˤruj-s 
坤	*[kʰ]ˤu[n] 
昆	*[k]ˤu[n] 
𥊽	*[k]ˤu[n] 
梱	*kʰˤunʔ 
稇	*kʰˤunʔ 
困	*kʰˤu[n]-s 
擴	*kʷʰˤak 
廓	*kʷʰˤak 
闊	*[k]ʰˤot 
闊	*[k]ʷʰˤat 
臘	*C.rˤap 
蠟	*k.rˤap (no pre-Qín exx.)
辣	*mə.rˤat (~ C.rˤat ?)
剌	*mə.rˤat (~ C.rˤat ?)
拉	*[r]ˤəp 
𧳟	*[r]ˤə 
來	*mə.rˤək (> *mə.rˤə)
來	*mə.rˤək (> *rˤə)
瀨	*C.rˤa[t]-s 
糲	*[r]ˤat-s 
賴	*rˤa[t]-s 
籟	*rˤa[t]-s 
賚	*[r]ˤək-s 
瀾	*[r]ˤanʔ 
藍	*[N-k.]rˤam 
籃	*k.rˤam 
闌	*[r]ˤan 
蘭	*k.rˤan 
婪	*[r]ˤ[ə]m 
懶	*[N-kə.]rˤanʔ 
爛	*[r]ˤan-s 
爤	*[r]ˤan-s 
郎	*C.rˤaŋ 
浪	*[r]ˤaŋ 
狼	*[r]ˤaŋ 
琅	*[r]ˤaŋ 
琅	*[r]ˤaŋ 
稂	*[r]ˤaŋ 
廊	*[r]ˤaŋ 
郎	*rˤaŋ 
俍	*[r]aŋ 
朗	*k.rˤaŋʔ 
勞	*[r]ˤaw 
老	*C.rˤuʔ 
勞	*[r]ˤaw-s 
𤻲	*[r]ˤawk 
樂	*[r]ˤawk 
樂	*[r]ˤawk 
勒	*[r]ˤək 
勒	*[r]ˤək 
羸	*[r]o[j] 
羸	*[r]o[j] 
纍	*[r]uj 
靁	*C.rˤuj 
雷	*C.rˤuj 
罍	*[r]ˤuj 
累	*[r]oj 
累	*[r]ojʔ 
壘	*[r]ujʔ 
誄	*[r]ujʔ 
肋	*[r]ˤək 
淚	*[r][ə]p-s 
類	*[r]u[t]-s 
率	*[r]ut-s 
儽	*[r]ˤuj-s 
犁	*[r]ˤ[i]j 
黎	*[r]ˤij (Cf. 耆 0552l gij < *[g]rij ‘old’)
黎	*[r]ˤij 
狸	*[r]ə 
釐	*[r]ə 
貍	*p.rə 
狸	*p.rə 
棃	*C.r[ə][j] 
犁	*[r][i]j 
離	*[r]aj 
離	*[r]aj 
罹	*[r]aj 
纚	*[r]e 
秜	*nrəj 
豊	*[r]ˤijʔ 
禮	*[r]ˤijʔ 
里	*(mə.)rəʔ 
李	*C.rəʔ 
理	*m(ə).rəʔ 
理	*m(ə).rəʔ 
裏	*m.rəʔ 
鯉	*mə-rəʔ 
轢	*[r]ˤawk 
糲	*[r]ˤat 
麗	*[r]ˤe-s 
戾	*[r]ˤe[t]-s 
荔	*[r]ˤep-s 
隸	*[r]ˤə[p]-s 
歷	*[r]ˤek 
曆	*[r]ˤek 
轢	*[r]ˤewk 
櫟	*[r]ˤewk 
礫	*[r]ˤewk 
䟏	*[r]ˤewk 
䰜	*k.rˤek 
𩰲	*k.rˤek 
鬲	*k.rˤek 
吏	*[r]əʔ-s 
利	*C.ri[t]-s 
力	*k.rək 
立	*k.rəp 
笠	*k.rəp 
粒	*p.rəp 
栗	*[r]i[t] 
詈	*C.raj-s 
離	*raj-s 
厲	*[r]at-s 
厲	*[r]at-s 
厲	*[r]at-s 
礪	*[r]at-s 
糲	*[r]at-s 
蠣	*mə-rat-s 
䟏	*r̥ewk (W dialect: *r̥- > *x-, palatalizing)
蓮	*k.[r]ˤe[n] (cf. 蕑 jiān < kean < *kˤre[n] (dial. *k.rˤ- > kˤr-) ‘lotus fruit (Ode 145.2)’)
憐	*rˤiŋ 
廉	*(k-)rem 
蘞	*[r][a]m 
廉	*[r]em 
磏	*[r]em 
鎌	*[r]em 
簾	*rem 
連	*C.ra[n] 
連	*[r]a[n] 
漣	*[r]a[n] 
斂	*[r][a]mʔ 
練	*[r]ˤen-s 
鍊	*[r]ˤen-s 
斂	*[r][a]m-s 
僆	*k.r[a]n-s (no pre-Qín exx.)
孌	*[r]onʔ 
戀	*[r]on-s 
涼	*C.raŋ 
良	*[r]aŋ 
量	*[r]aŋ 
糧	*[r]aŋ 
粱	*[r]aŋ 
梁	*raŋ 
兩	*p.raŋʔ 
量	*[r]aŋ-s 
亮	*[r]aŋ-s 
諒	*[r]aŋ-s 
僚	*[r]ˤew 
聊	*[r]ˤiw 
料	*[r]ˤew-s 
尞	*[r][a]w-s 
獵	*r[a]p 
躐	*r[a]p 
冽	*C.r[a]t 
列	*[r][e]t 
烈	*[r]at 
裂	*[r]at 
臨	*(p.)rum 
林	*[r]əm 
淋	*r[ə]m 
鄰	*(mə.)rə[n] 
鱗	*C.r[ə][n] 
粦	*[r]ə[n] 
凜	*[r][ə]mʔ 
稟	*p.rimʔ 
廩	*p.rimʔ 
廩	*p.rimʔ 
吝	*mə.rə[n]-s 
靈	*[r]ˤeŋ 
令	*[r]ˤiŋ 
零	*[r]ˤiŋ 
夌	*[r]əŋ 
陵	*[r]əŋ 
凌	*[r]əŋ 
凌	*p.rəŋ 
令	*riŋ 
領	*[r]eŋʔ 
令	*riŋ-s 
鏐	*[r]iw 
留	*C.ru 
鏐	*[r]iw 
摎	*[r]iw 
旒	*[r]u 
劉	*mə-ru 
流	*ru 
柳	*([m]ə.)ruʔ 
翏	*[r]iw-s 
六	*k.ruk 
龍	*[mə]-roŋ 
隆	*[r]uŋ 
隆	*[r]uŋ (< * -[u]m)
聾	*C.rˤoŋ 
籠	*k.rˤoŋ 
隴	*[r]oŋʔ 
籠	*k.rˤoŋʔ 
婁	*[r]o 
漏	*[Nə-r]ˤok-s 
鏤	*[r]ˤo-s 
陋	*[r]ˤo-s 
廬	*[r]a 
蘆	*C.rˤa 
𧆨	*[r]ˤa 
爐	*[r]ˤa 
鑪	*[r]ˤa 
虜	*C.rˤaʔ 
魯	*[r]ˤaʔ 
櫓	*[r]ˤaʔ 
鹵	*[r]ˤaʔ 
鹵	*[r]ˤaʔ 
魯	*r.ŋˤaʔ (dialect > *rŋˤ- > *rˤ- > MC l-)
菉	*[r]ok 
錄	*[r]ok 
戮	*[r]iwk 
陸	*[r]uk 
路	*Cə.rˤak-s 
賂	*[r]ˤak-s 
露	*p.rˤak-s 
盝	*[r]ˤok 
琭	*[r]ˤok 
睩	*[r]ˤok 
祿	*[r]ˤok 
㯟	*[r]ˤok 
鹿	*mə-rˤok 
彔	*pə.rˤok 
欒	*[m]ə.rˤon 
鑾	*[m]ə.rˤon 
欒	*[r]ˤo[n] 
鸞	*[r]ˤon 
䜌	*mə.rˤo[n] 
孿	*[s.r]on-s 
孿	*[s.r]on-s 
卵	*k.rˤorʔ (dialect: *-r > *-j)
卵	*k.rˤorʔ 
𤔔	*[r]ˤo[n]-s 
亂	*[r]ˤo[n]-s 
論	*[r]u[n] 
倫	*[r]u[n] 
輪	*[r]u[n] 
綸	*k.ru[n] 
論	*[r]ˤu[n] 
論	*[r]ˤu[n]-s 
捋	*[r]ˤot 
籮	*C.rˤaj (no pre-Qín exx.)
羅	*rˤaj 
腡	*k.rˤoj (swa 螺  < lwa < *k.rˤoj ‘spiral’)
螺	*k.rˤoj 
倮	*[r]ˤo[r]ʔ 
裸	*[r]ˤo[r]ʔ 
蠃	*rˤorʔ (*kˤorʔ.rˤorʔ, redup. infixation < *kˤorʔ ?)
臝	*rˤorʔ (*kˤorʔ.rˤorʔ, redup. infixed form from *kˤorʔ ‘fruit’ ?)
駱	*[r]ˤak 
落	*kə.rˤak 
濼	*[r]ˤawk 
藘	*[r]a 
履	*[r]ijʔ 
儢	*[r]aʔ 
呂	*[r]aʔ 
旅	*[r]aʔ 
縷	*[r]oʔ 
屢	*[r]o(ʔ)-s 
慮	*[r]a-s 
綠	*pə.rok 
率	*[r]ut 
律	*[r]ut 
律	*[r]ut 
略	*[r]ak 
麻	*C.mˤraj 
馬	*mˤraʔ 
罵	*C.mˤra-s 
埋	*m.rˤə 
薶	*m.rˤə 
霾	*mˤrə 
買	*mˤrajʔ 
邁	*mˤrat-s 
賣	*mˤrajʔ-s 
脈	*C.mˤ<r>[i]k 
脉	*C.mˤ<r>[i]k 
麥	*m-rˤək (dialect: *m-rˤ > *mˤr-)
蠻	*mˤro[n] 
瞞	*mˤ[o][r] 
滿	*mˤ[o][n]ʔ 
慢	*mˤra[n]-s 
曼	*mˤa[n]-s 
幔	*mˤa[n]-s 
漫	*mˤa[n]-s 
曼	*ma[n]-s 
盲	*mˤ<r>aŋ 
龍	*mˤroŋ 
尨	*mˤroŋ 
哤	*mˤroŋ 
駹	*mˤroŋ 
厖	*mˤroŋ 
芒	*mˤaŋ 
忙	*mˤaŋ 
鋩	*maŋ 
貓	*C.mˤraw 
茅	*C.mˤru 
毛	*C.mˤaw 
旄	*mˤaw 
矛	*m(r)u 
卯	*mˤruʔ 
茆	*mˤruʔ 
昴	*mˤruʔ 
貌	*mˤrawk-s 
瞀	*mˤ<r>uk 
芼	*mˤaw(k)-s 
帽	*mˤuk-s 
冒	*mˤuk-s 
冒	*mˤuk-s 
媢	*mˤuk-s 
貿	*mru-s 
眉	*mr[ə][r] 
梅	*C.mˤə 
媒	*C.mˤə 
煤	*mˤə 
枚	*mˤəj 
美	*[m]rəjʔ 
浼	*mˤ[u]rʔ 
浼	*mˤərʔ 
每	*mˤəʔ 
袂	*k.mˤet (dialect: *k.m- > MC kw-)
𩎟	*mˤr[ə][t]-s 
魅	*mr[ə][t]-s 
媚	*mrəjʔ-s 
袂	*k.met-s 
寐	*mi[t]-s 
妹	*C.mˤə[t]-s 
昧	*mˤ[u][t]-s 
捫	*[m]ˤ[ə][n] 
璊	*mˤur 
穈	*mˤur 
汶	*mˤə[n] 
門	*mˤə[r] 
亹	*mˤər 
懣	*mˤ[o][n]ʔ 
䖟	*mˤraŋ 
氓	*mˤr[i]ŋ 
盟	*mraŋ 
蒙	*mˤoŋ 
黽	*mˤrəŋʔ 
孟	*mˤraŋ-s 
夢	*C.məŋ-s 
麛	*m-ŋˤe 
迷	*mˤij 
麋	*mr[i]j 
糜	*C.m(r)aj 
靡	*m(r)aj 
彌	*m-nə[r] 
瀰	*m.ner 
冞	*m.ner 
𦊮	*m.ner 
彌	*m-nə[r]ʔ 
米	*(C.)mˤ[e]jʔ 
瀰	*m.nˤerʔ 
靡	*m(r)ajʔ 
靡	*m(r)ajʔ 
靡	*m(r)ajʔ 
靡	*m(r)ajʔ 
弭	*[m-ŋ]e(j)ʔ 
瀰	*m.nerʔ 
敉	*me[j]ʔ 
汨	*m.nˤik 
冪	*mˤ[e]k 
幦	*mˤ[e]k 
簚	*mˤ[e]k 
密	*mri[t] 
𥁑	*mi[t] 
謐	*mi[t] 
蜜	*mit 
眠	*mˤi[n] 
宀	*me[ŋ] (no pre-Qín exx.)
眄	*mˤe[n]ʔ 
俛	*mr[a][n]ʔ 
免	*mr[o][r]ʔ 
勉	*mr[o][r]ʔ 
冕	*mr[o][r]ʔ 
沔	*m.nerʔ 
湎	*menʔ 
面	*C.me[n]-s 
苗	*m(r)aw 
邈	*mˤrawk 
眇	*[m]ewʔ 
杪	*[m]ewʔ 
渺	*[m]ewʔ 
廟	*[m]raw-s 
妙	*[m]ew(ʔ)-s 
幭	*mˤ[e]k 
蔑	*mˤet 
滅	*[m]et 
緡	*m-ru[n] (dialect: *m-r- > *mr-)
緡	*m-run (dialect: *m-r- > *mr-)
珉	*mr[ə][n] 
旻	*mrə[n] 
民	*mi[ŋ] 
閩	*mrə[n] 
閔	*mrə[n]ʔ 
憫	*mrə[n]ʔ 
敏	*mrə[n]ʔ (~ *mrəʔ)
皿	*mraŋʔ 
泯	*mi[n] 
銘	*mˤeŋ 
鄍	*mˤeŋ 
冥	*mˤeŋ 
鳴	*m.reŋ 
明	*mraŋ 
名	*C.meŋ 
命	*m-riŋ-s (dialect: *m-r- > *mr-, *-iŋ> *-eŋ)
謬	*m-riw-s (dialect: *m-r- > *mr-)
磨	*mˤaj 
謨	*mˤ[a] 
模	*mˤa 
塺	*mˤaj-s 
磨	*mˤaj-s 
陌	*[m]ˤrak 
貉	*mˤrak 
莫	*mˤak 
莫	*mˤak 
末	*mˤat 
沫	*mˤat 
墨	*C.mˤək 
𠬛	*mˤut 
沒	*mˤut 
歿	*mˤut 
歾	*mˤut 
謀	*mə 
某	*məʔ 
譕	*m(r)a 
牡	*m(r)uʔ 
母	*məʔ (? or *mˤoʔ) 
姆	*məʔ 
畮	*məʔ (< mˤoʔ ?)
畝	*məʔ (< *mˤoʔ ?)
幕	*mˤak 
目	*C.m(r)[u]k 
穆	*m(r)iwk 
𡍬	*mr[uk] 
睦	*mr[uk] 
牧	*mək 
慕	*(C.)mˤak-s 
墓	*C.mˤak-s 
募	*mˤak-s 
木	*C.mˤok 
拏	*nˤra 
挐	*nˤra 
內	*nˤ[u]p 
納	*nˤ[u]p 
乃	*nˤə(ŋ)ʔ 
廼	*nˤərʔ 
迺	*nˤərʔ (MC irreg.)
乃	*nˤəʔ 
奈	*nˤa[t]-s 
耐	*nˤə-s 
難	*nˤar 
男	*nˤ[ə]m 
南	*nˤ[ə]m 
戁	*nˤrarʔ 
難	*nˤar-s 
囊	*nˤaŋ 
曩	*nˤaŋʔ 
夒	*nˤu 
猱	*nˤu 
獶	*nˤu 
鐃	*[n]ˤrew 
撓	*m-[q]ʰˤrewʔ 
撓	*nˤ<r>[a]wʔ 
橈	*[n]ˤrew-s 
腦	*nˤ[u]ʔ 
眲	*nˤrək 
訥	*nˤut 
吶	*not 
餒	*nˤujʔ 
內	*nˤ[u]p-s 
能	*nˤə 
能	*nˤə(ŋ) 
能	*nˤə(ʔ) (~ *nˤəŋ)
麑	*m-ŋˤe 
泥	*C.nˤ[əj] 
臡	*nˤer 
尼	*nˤərʔ 
泥	*nˤər(ʔ)-s 
尼	*nˤərʔ-s 
倪	*ŋˤe 
尼	*nr[əj] 
怩	*nr[əj] 
擬	*[ŋ](r)əʔ (< uvular)
柅	*n<r>[ə]rʔ 
柅	*n<r>[ə]rʔ-s 
溺	*nˤewk 
屰	*ŋrak 
逆	*ŋrak 
膩	*nri[j]-s 
匿	*nr[ə]k 
䵒	*n<r>ik 
䵑	*n<r>ik 
昵	*n<r>ik 
暱	*n<r>ik 
年	*C.nˤi[ŋ] 
輦	*[r][a][n]ʔ 
蹍	*[n]r[a][n]ʔ 
念	*nˤim-s 
鳥	*tˤiwʔ 
尿	*kə.nˤewk-s 
溺	*kə.nˤewk-s 
齧	*[ŋ]ˤet 
闑	*ŋˤet 
槷	*ŋˤet 
孼	*ŋ(r)at 
櫱	*ŋ(r)at 
闑	*ŋr[e]t 
踂	*n<r>ep 
聶	*nrep 
躡	*nrep 
甯	*nˤeŋ 
寧	*nˤeŋ 
凝	*[ŋ](r)əŋ (< uvular?)
甯	*nˤ[e]ŋ-s 
佞	*nˤiŋ-s 
牛	*[ŋ]ʷə (< uvular?)
狃	*Cə.n<r>uʔ 
紐	*n<r>uʔ 
膿	*C.nˤuŋ 
農	*nˤ[o]ŋ 
濃	*n<r>oŋ 
弄	*[r]ˤoŋ-s 
槈	*nˤok-s 
耨	*nˤok-s 
奴	*nˤa 
弩	*C.nˤaʔ 
怒	*C.nˤaʔ 
怒	*C.nˤaʔ-s 
儺	*nˤar 
儺	*nˤar 
那	*nˤar 
儺	*nˤarʔ 
諾	*nˤak 
女	*nraʔ 
籹	*nraʔ 
女	*nraʔ-s 
虐	*[ŋ](r)awk 
區	*qˤ(r)o 
嘔	*qˤ(r)oʔ 
藕	*C.ŋˤ(r)oʔ 
偶	*ŋˤ(r)oʔ 
耦	*ŋˤ(r)oʔ 
爬	*[b]ˤra 
耙	*[b]ˤra 
拍	*mə-pʰˤrak 
簰	*Cə.[b]ˤre 
排	*[b]ˤrəj 
扳	*pˤran 
攀	*pʰˤran 
蟠	*[b]ˤar 
盤	*[b]ˤan 
蟠	*[b]ˤar 
畔	*m-pʰˤan-s 
判	*pʰˤan-s 
龐	*[b]ˤroŋ 
彷	*[b]ˤaŋ 
旁	*[b]ˤaŋ 
傍	*[b]ˤaŋ 
徬	*[b]ˤaŋ 
蒡	*[b]ˤaŋ 
雱	*pʰˤaŋ 
摽	*pʰˤrew 
匏	*[b]ˤru 
袍	*m.[p]ˤu 
𧳏	*[b]rə 
茷	*[b]ˤ[a][t]-s 
佩	*[b]ˤək-s 
肺	*pʰˤ[a][t]-s 
配	*pʰˤ[ə][j]-s 
轡	*pr[i][t]-s 
盆	*[b]ˤə[n] 
亨	*[p.qʰ]ˤraŋ 
烹	*[p.qʰ]ˤraŋ 
彭	*C.[b]ˤraŋ 
朋	*[b]ˤəŋ 
篷	*C.bˤoŋ 
芃	*[b]ˤ[o]m 
逢	*bˤoŋ 
邳	*[b]rə 
丕	*pʰrə 
被	*mə-pʰ(r)aj 
披	*pʰ(r)aj 
鼙	*[b]ˤe 
疲	*[b](r)aj 
罷	*[b]raj 
皮	*m-[p](r)aj 
脾	*m-[p]e 
毗	*[b]ij 
貔	*[b]ij 
羆	*praj 
擗	*[b]ek 
諀	*pʰeʔ 
匹	*pʰi[t] 
甓	*[b]ˤek 
淠	*pʰˤi[t]-s 
被	*pʰ(r)aj-s 
譬	*pʰek-s 
僻	*pʰek 
偏	*pʰe[n] 
篇	*pʰe[n] 
翩	*pʰe[n] 
蹁	*bˤe[r] 
便	*[b]e[n] 
平	*[b]en 
諞	*[m-pʰ]e[r] 
片	*pʰˤe[n]-s 
騙	*phen(ʔ)-s 
摽	*pʰˤew 
瓢	*(Cə.)[b]ew 
薸	*m-[p]ew 
票	*pʰew 
貧	*[b]rə[n] 
頻	*[b]i[n] 
頻	*[m-p]i[n] 
品	*pʰr[ə]mʔ 
牝	*[b]irʔ (dialect: *-r > *-j)
牝	*[b]irʔ 
娉	*p.[r̥]eŋ-s 
聘	*p.leŋ-s 
甹	*[p.l̥]ˤeŋ 
屏	*[b]ˤeŋ 
缾	*[b]ˤeŋ 
瓶	*[b]ˤeŋ 
苹	*[b]ˤeŋ 
馮	*[b]rəŋ 
馮	*[b]rəŋ 
憑	*[b]rəŋ 
平	*breŋ 
平	*m-breŋ 
馮	*[Cə.b]əŋ 
頗	*pʰˤa[j] 
婆	*[b]ˤa[j] 
鄱	*[b]ˤar 
皤	*[b]ˤar 
迫	*Cə.pˤrak 
破	*pʰˤaj-s 
霸	*[pʰˤ]rak 
魄	*pʰˤrak 
膊	*pʰˤak 
剖	*pʰˤ(r)oʔ 
痡	*pʰ(r)a 
仆	*pʰ(r)ok-s 
仆	*pʰok-s 
痡	*pʰˤa 
鋪	*pʰˤa 
仆	*pʰˤ(r)ok-s 
撲	*pʰˤok 
匍	*[b]ˤa 
蒲	*[b]ˤa 
僕	*[b]ˤok 
濮	*pˤok 
樸	*pʰˤrok 
浦	*pʰˤaʔ 
暴	*m-pˤawk 
曝	*m-pˤawk 
期	*[g](r)ə 
欺	*kʰ(r)ə 
棲	*s-nˤər 
栖	*s-nˤər 
妻	*[tsʰ]ˤəj 
萋	*[tsʰ]ˤəj 
慼	*s-tʰˤiwk 
戚	*s.tʰˤiwk 
戚	*s.tʰˤiwk 
戚	*s.tʰˤiwk 
戚	*s.tʰˤiwk 
鏚	*s.tʰˤiwk 
緝	*[tsʰ][ə]p 
七	*[tsʰ]i[t] 
桼	*[tsʰ]i[t] 
漆	*[tsʰ]i[t] 
懠	*[dz]ˤ[i]j 
臍	*[dz]ˤ[ə]j 
齊	*[dz]ˤəj 
齊	*[dz]ˤəj 
懠	*[dz]ˤ[i]j-s 
棋	*[g](r)ə 
旗	*[g](r)ə 
綦	*[g](r)ə 
綦	*[g](r)ə 
騏	*[g](r)ə 
丌	*[g]ə 
其	*gə 
其	*gə 
綦	*[g](r)ə-s 
耆	*[g]rij 
鰭	*[g]rij 
祁	*[g]rij 
祁	*[g]rə[j] 
蟣	*C.[g]əj (not in GSR)
祈	*C.[ɢ]ər 
旂	*C.[ɢ]ər 
蘄	*C.[ɢ]ər 
騎	*C.g(r)aj (~ *[Cə.g](r)aj)
錡	*C.ɢ(r)aj 
奇	*N-k(r)aj 
騎	*[g](r)aj-s 
歧	*N-ke (dialect: no palatalization)
祇	*[k.d]e (dialect: *k.d- > *g.d- > *g-, no palatalization)
稽	*[kʰ]ˤijʔ 
䭫	*kʰˤijʔ 
启	*kʰˤijʔ 
起	*C.qʰ(r)əʔ 
豈	*C.qʰəjʔ 
乞	*C.qʰət 
綺	*[k]ʰ(r)a[j]ʔ 
企	*kʰeʔ 
企	*kʰeʔ-s 
契	*[kʰ]ˤet-s 
亟	*kʰ(r)ək-s 
器	*[kʰ]r[ə][t]-s 
湆	*[kʰ](r)[ə]p 
泣	*k-r̥əp 
气	*C.qʰəp-s 
氣	*C.qʰəp-s 
憩	*C.qʰ<r>a[t]-s 
愒	*C.qʰ<r>at 
棄	*[kʰ]i[t]-s 
弃	*[kʰ]i[t]-s 
妻	*[tsʰ]ˤəj-s 
訖	*qʰə[t]-s 
洽	*N-kˤ<r>[o]p 
㓞	*[k]ʰˤret 
幵	*[k]ˤe[r] 
謙	*k-r̥ˤem 
牽	*[k]ʰˤi[n] 
愆	*C.qʰra[n] 
褰	*kʰra[n] 
阡	*[tsʰ]ˤi[n] 
千	*s.n̥ˤi[ŋ] 
僉	*s.qʰ[a]m (dialect: *s.qʰ > MC tsh-)
譣	*s.qʰ[a]m  (dialect: *s.qʰ- > MC tsh-)
𠨧	*[tsʰ]ar 
遷	*[tsʰ]ar 
餰	*t-qa[n] 
前	*[dz]ˤen (~ *m-dzˤen)
潛	*[dz][o]m 
潛	*[dz][o]m 
潛	*[dz][o]m-s 
錢	*N-ts[a][n] 
鉗	*C.[g]<r>[e]m 
黔	*[g](r)[o]m 
乾	*[g](r)ar 
虔	*[g]ra[n] 
燂	*sə-lom 
遣	*[k]ʰe[n]ʔ 
譣	*s.qʰ[a]mʔ (dialect: *s.qʰ- > MC tsh-)
淺	*[tsʰ]e[n]ʔ 
歉	*kʰˤremʔ-s 
遣	*[k]ʰe[n]ʔ-s (*kʰ- doesn't palatalize)
欠	*[k]ʰ(r)om-s 
塹	*[tsʰ]am-s 
羌	*C.qʰaŋ 
彊	*N-kaŋ 
强	*N-kaŋ 
强	*m-kaŋʔ 
蹻	*[g](r)awk 
磽	*[C.q]ʰˤrew 
骹	*[kʰ]ˤr[a]w 
喬	*[N-k](r)aw 
蕎	*[g](r)aw (no pre-Qín exx.)
橋	*[g](r)aw 
翹	*[g]ew (failure to palatalize is unexplained)
翹	*[g]ew (failure to palatalize is unexplained)
巧	*[kʰ]ˤruʔ 
竅	*[k]ʰˤewk-s 
且	*[tsʰ]Aʔ 
匧	*[k]ʰˤep 
契	*kʰˤet 
契	*kʰˤet 
鍥	*kʰˤet 
竊	*[tsʰ]ˤet 
切	*[tsʰ]ˤi[t] 
妾	*[tsʰ]ap 
衾	*[k]ʰ(r)[ə]m 
侵	*[tsʰ][i]m 
駸	*[tsʰ][i]m 
親	*[tsʰ]i[n] 
駸	*[tsʰ]r[i]m 
鬵	*sə-l[ə]m (irreg. dz- for z-; also read zim)
秦	*[dz]i[n] 
擒	*C.ɢ(r)[ə]m 
禽	*[C.ɢ](r)[ə]m 
禽	*[C.ɢ](r)[ə]m 
琴	*[C.ɢ](r)[ə]m 
堇	*[g]rə[r] 
矜	*griŋ 
芹	*C.[ɢ]ər 
勤	*[g]ər 
懃	*[g]ər 
鬵	*sə-l[ə]m 
螼	*C-qʰrə[r]ʔ 
螼	*C-qʰrə[r]ʔ-s 
寢	*[tsʰ]imʔ 
衿	*C.ɢ(r)[ə]m-s 
卿	*C.qʰraŋ 
輕	*[kʰ]eŋ (no palatalization before *-eŋ?)
傾	*[k]ʷʰeŋ 
青	*[s.r̥]ˤeŋ 
清	*tsʰeŋ 
晴	*N-tsʰeŋ 
情	*[dz]eŋ 
請	*m-tsʰeŋ 
謦	*[C.qʰ]ˤeŋʔ 
頃	*[k]ʷʰeŋʔ 
請	*[tsʰ]eŋʔ 
殸	*[C.qʰ]ˤeŋ-s 
磬	*[C.qʰ]ˤeŋ-s 
𥥻	*[k]ʰˤeŋ-s 
罄	*[kʰ]ˤeŋ-s 
慶	*[kʰ]raŋ-s 
凊	*[tsʰ]eŋ-s 
窮	*[g](r)uŋ 
窮	*m-[g](r)uŋ 
瞏	*[g]ʷeŋ 
丘	*[k]ʷʰə 
蚯	*[k]ʷʰə 
緧	*[tsʰ]u 
秋	*tsʰiw 
蝤	*[dz]u 
酋	*m-tsu 
球	*[g](r)[u] 
仇	*[g](r)u 
求	*[g](r)u 
裘	*[g]ʷə 
逑	*g(r)u 
遒	*tsu 
泅	*[s-N].ru 
囚	*sə.lu 
胠	*[kʰ]<r>ap 
曲	*kʰ(r)ok 
驅	*[k]ʰ(r)o 
屈	*Nə-[kʰ]ut 
屈	*[kʰ]ut 
岨	*[tsʰ]a 
趨	*[ts]ʰro 
渠	*[g](r)a 
劬	*[g](r)o 
絇	*[g](r)o 
瞿	*[g]ʷ(r)a 
䀠	*[k]ʷ(r)a-s 
取	*tsʰoʔ 
去	*[kʰ](r)aʔ 
去	*[k]ʰ(r)ap-s 
闃	*[k-m̥]ˤik (dialect: *-ik > *-ek) 
取	*[ts]ʰoʔ-s 
娶	*[ts]ʰoʔ-s 
趣	*[tsʰ]oʔ-s 
全	*[dz]o[n] 
泉	*s-N-ɢʷar (MC I!)
拳	*N-kro[n] 
權	*[g]ʷrar 
卷	*[g]ʷren 
鬈	*[g]ʷren 
犬	*[k]ʷʰˤ[e][n]ʔ 
勸	*C.qʷʰar-s 
缺	*Nə-[k]ʷʰˤet 
確	*[k]ʰˤrawk 
殼	*[kʰ]ˤrok 
卻	*[k]ʰak 
却	*[k]ʰak 
闕	*kʷʰat 
闋	*kʷʰˤi[t] 
鵲	*[tsʰ]ak 
雀	*[ts]ewk 
囷	*kʰrun 
夋	*[tsʰ]u[r] 
裙	*[g]u[r] 
群	*[g]ur 
羣	*[g]ur 
髯	*nam 
㸐	*C.na[n] 
燃	*C.na[n] 
然	*[n]a[n] 
染	*C.n[a]mʔ 
熯	*narʔ 
攘	*naŋ 
攘	*naŋ 
壤	*naŋʔ 
攘	*naŋʔ 
讓	*naŋ-s 
襓	*[ŋ]ew (< uvular?)
饒	*[ŋ]ew (< uvular?)
橈	*[ŋ]ew  (< uvular?)
繞	*[ŋ]ewʔ (< uvular?)
繞	*[ŋ]ewʔ-s (< uvular?)
熱	*C.nat (or *C.ŋet?)
壬	*n[ə]m 
人	*ni[ŋ] 
仁	*niŋ 
荏	*n[ə]mʔ (< *num?)
稔	*nimʔ 
忍	*nə[n]ʔ 
忍	*nə[n]ʔ 
紝	*n<r>[ə]m 
紝	*n[ə]m 
衽	*n[ə]mʔ 
飪	*n[ə]mʔ 
恁	*n[ə]mʔ 
任	*n[ə]m-s 
衽	*n[ə]mʔ-s 
刃	*nə[n]-s 
認	*nə[n]-s 
軔	*nər(ʔ)-s 
仍	*nəŋ 
日	*C.nik 
衵	*nik 
榮	*[N-qʷ]reŋ 
榮	*[N-qʷ]reŋ 
嶸	*[ɢ]ʷreŋ 
嶸	*[ɢ]ʷˤreŋ 
戎	*nuŋ 
戎	*nuŋ 
茙	*nuŋ (< *num?)
㝐	*[ɢ](r)oŋ 
容	*[ɢ](r)oŋ 
容	*[ɢ](r)oŋ 
頌	*[ɢ](r)oŋ 
融	*luŋ (? < *lum)
肜	*m.rum (dialect: *-um > *-uŋ)
彡	*m.rum (dialect: *-um > *-uŋ)
䑣	*m.rum (dialect: > *-um > *-uŋ)
柔	*nu 
肉	*k.nuk 
如	*na 
如	*na 
洳	*na 
茹	*naʔ 
茹	*na-s 
茹	*naʔ-s 
濡	*no 
襦	*no 
汝	*naʔ 
辱	*nok 
乳	*noʔ 
入	*n[u]p 
洳	*na-s 
縟	*nok 
蓐	*nok 
孺	*no-s 
緌	*nuj 
瑞	*[d]or-s 
鋭	*lot-s 
閏	*nu[n]-s 
若	*nak 
若	*nak 
弱	*newk 
爇	*not 
焫	*not 
洒	*Cə.s<r>ərʔ 
灑	*Cə.s<r>ərʔ (MC srj- > sr-)
纚	*sreʔ (MC srj- > sr-)
灑	*Cə.s<r>ərʔ-s (MC srj- > sr-)
曬	*sre-s 
灑	*Cə.s<r>ərʔ-s 
摋	*sˤat 
塞	*[s]ˤək-s 
塞	*[s]ˤək-s 
參	*s.rum (*s.r- > s-; infl. by 四 *s-?)
三	*s.rum (*s.r- > s-; infl. by 四 *s-?)
三	*s.r[u]m-s (*s.r- > *s-, infl. by 四 *s-?)
散	*[s]ˤa[n]ʔ 
傘	*[s]ˤarʔ 
散	*mə-sˤa[n]ʔ-s 
桑	*[s]ˤaŋ 
喪	*s-mˤaŋ 
顙	*[s]ˤaŋʔ 
喪	*s-mˤaŋ-s 
臊	*[m.s]ˤaw 
鱢	*[m.s]ˤaw 
騷	*[s]ˤu 
搔	*s-[ts]ˤu 
燥	*C.sˤawʔ-s 
塞	*[s]ˤək 
嗇	*s.rək 
穡	*s.rək 
色	*s.rək 
瑟	*[s.m]ri[t] 
森	*s.rəm 
槮	*s.r̥[ə]m 
沙	*sˤraj 
殺	*s<r>at 
翣	*s(ˤ)r[a]p 
歃	*[s](ˤ)r[o]p 
歃	*[s]r[o]p 
釃	*Cə.sre 
殺	*s<r>at-s 
芟	*[s]ˤr[a]m 
髟	*s(ˤ)ram 
潸	*[s]ˤra[n] 
潸	*[s]ra[n] 
山	*s-ŋrar 
苫	*s.tem 
羶	*s.tan 
羴	*s.tan 
膻	*s.tan 
贍	*[d]am-s 
墠	*[d]anʔ 
壇	*[d]anʔ 
善	*[g]e[n]ʔ 
擅	*[d]a[n]-s 
禪	*[d]ar-s 
繕	*[g]e[n]ʔ-s 
苫	*s-tem-s 
扇	*[l̥][a][r]-s 
湯	*l̥aŋ 
愓	*l̥aŋ 
傷	*l̥aŋ 
觴	*l̥aŋ 
商	*s-taŋ 
商	*s-taŋ 
商	*s-taŋ 
曏	*n̥aŋʔ 
賞	*s-taŋʔ 
上	*Cə-daŋʔ 
上	*m-daŋʔ 
尚	*[d]aŋ-s 
尚	*[d]aŋ-s 
上	*daŋʔ-s 
餉	*n̥aŋ(ʔ)-s 
曏	*n̥aŋ-s 
捎	*[s]ˤew 
筲	*[s](ˤ)rew 
燒	*[ŋ̊]ew 
勺	*m-tewk 
杓	*m-tewk 
少	*[s.t]ewʔ 
召	*[d]awʔ 
邵	*[d]aw-s 
稍	*[s](ˤ)rew-s 
削	*[sˤ]rewk-s 
少	*[s-t]ewʔ-s 
賖	*l̥A 
賒	*l̥A 
奢	*s.tʰA 
折	*N-tet 
蛇	*Cə.lAj 
舌	*mə.lat 
舍	*l̥Aʔ 
捨	*l̥Aʔ 
社	*m-tʰAʔ 
舍	*[l̥]Ak-s (W dialect: *l̥- > *x-, palatalizing)
赦	*[l̥]Ak-s 
攝	*kə.n̥ep 
韘	*l̥[a]p 
設	*ŋ̊et 
射	*Cə.lAk-s 
射	*Cə.lAk 
參	*srum (should be *s.rum)
兟	*s<r>ər 
莘	*sri[n] 
詵	*srər 
深	*[l̥][ə]m 
深	*[l̥][ə]m-s 
紳	*[l̥]i[n] 
申	*l̥i[n] 
伸	*l̥i[n] 
呻	*l̥i[n] 
身	*n̥i[ŋ] 
娠	*s-tər 
娠	*tər-s 
神	*Cə.li[n] 
沈	*[s.t][ə]mʔ 
諗	*n̥imʔ 
審	*s.tʰ[ə]mʔ 
哂	*n̥ərʔ 
瀋	*tʰ[ə]mʔ 
甚	*[t.ɢ][ə]mʔ 
甚	*[t.ɢ][ə]mʔ-s 
腎	*Cə.[g]i[n]ʔ 
蜃	*[d]ərʔ 
慎	*[d]i[n]-s 
罧	*s.r[ə]mʔ-s 
葚	*sə-d[ə]mʔ 
甥	*s.reŋ 
生	*sreŋ (MC srj- > sr-; or *s.reŋ ?)
生	*sreŋ 
生	*sreŋ (or *s.reŋ ?)
勝	*l̥əŋ 
升	*s-təŋ 
升	*s-təŋ 
陞	*s-təŋ 
聲	*[l̥]eŋ 
繩	*Cə-m.rəŋ 
盛	*[d]eŋ-s 
勝	*l̥əŋ-s 
聖	*l̥eŋ-s 
剩	*Cə.ləŋ-s 
乘	*Cə.ləŋ-s 
乘	*Cə.ləŋ-s 
師	*srij 
師	*srij 
蝨	*srik 
詩	*s.tə 
尸	*l̥̥[ə]j 
屍	*l̥̥[ə]j 
蓍	*s-kij 
濕	*[qʰ]ip 
溼	*s-[qʰ][i]p 
失	*l̥i[t] 
施	*l̥aj 
時	*[d]ə (~ *[d]əʔ)
拾	*[d][ə]p 
十	*t.[g]əp 
什	*t.[g]əp 
石	*dAk 
識	*s-tək 
食	*mə-lək 
蝕	*mə-lək 
實	*mə.li[t] 
史	*s-rəʔ 
使	*s-rəʔ 
使	*s-rəʔ-s 
始	*l̥əʔ 
𦳊	*[qʰ]ijʔ 
屎	*[qʰ]ijʔ 
矢	*l̥i[j]ʔ 
豕	*l̥ajʔ 
士	*[m-s-]rəʔ 
仕	*[m-s-]rəʔ 
事	*[m-s-]rəʔ-s 
柿	*[dz]rijʔ (? or *S.ɢrijʔ)
市	*C.[d]əʔ 
恃	*[d]əʔ 
侍	*[d]əʔ-s 
視	*gijʔ 
嗜	*[g]ij-s 
視	*gijʔ-s 
是	*[d]eʔ 
氏	*k.deʔ 
誓	*[d][a]t-s 
筮	*[d][e][t]-s 
逝	*[d]at-s 
噬	*[d]e[t]-s 
奭	*[qʰ](r)Ak 
試	*l̥ək-s 
弒	*l̥ək-s 
式	*l̥ək 
式	*l̥ək 
拭	*l̥ək 
飾	*l̥ək 
室	*s.ti[t] 
貰	*[l̥][a]p-s 
世	*l̥ap-s 
埶	*ŋ̊et-s 
勢	*ŋ̊et-s 
螫	*[l̥]Ak 
襫	*[qʰ](r)Ak 
𥼶	*l̥Ak 
釋	*l̥Ak 
檡	*l̥Ak 
適	*s-tek 
適	*s-tek 
戠	*tək 
適	*tek 
奭	*[qʰ](r)ək 
示	*s-gijʔ-s 
舓	*Cə.leʔ 
舐	*Cə.leʔ 
收	*s-kiw 
首	*l̥uʔ 
手	*n̥uʔ 
守	*s-tuʔ 
首	*l̥uʔ-s 
壽	*[N-t]uʔ 
受	*[d]uʔ 
壽	*[N-t]uʔ-s 
授	*[d]uʔ-s 
瘦	*sru-s 
守	*s.tuʔ-s 
狩	*s.tuʔ-s 
獸	*s.tʰu(ʔ)-s 
樞	*qˤ(r)o 
殊	*[d]o 
殳	*[d]o 
淑	*[d]iwk 
倏	*liwk 
梳	*sra 
疋	*sra 
疏	*sra 
疎	*sra 
蔬	*sra 
紓	*l̥a 
舒	*l̥a 
書	*s-ta 
輸	*l̥o 
菽	*s-t(ʰ)uk 
叔	*s-tiwk 
叔	*s-tiwk 
尗	*s.tuk 
攄	*r̥a 
樞	*t.qʰ(r)o 
抒	*Cə-laʔ 
紓	*Cə.laʔ 
孰	*[d]uk 
熟	*[d]uk 
贖	*Cə.lok 
秫	*m.lut (~ *mə.lut)
署	*m-taʔ-s 
屬	*N-tok 
蜀	*[d]ok 
數	*s-roʔ 
鼠	*[l̥]aʔ 
癙	*[l̥]aʔ 
暑	*s-tʰaʔ 
黍	*s-tʰaʔ 
豎	*[d]oʔ 
樹	*m-toʔ 
尌	*m-toʔ-s 
樹	*m-toʔ-s 
數	*s-roʔ-s 
漱	*[s]rok-s 
恕	*n̥a-s 
庶	*s-tak-s 
束	*s-tʰok 
戍	*[n̥]o-s 
術	*Cə-lut 
述	*Cə-lut 
鉥	*Cə-lut 
刷	*[s]r[o]t (dialect: retains MC srj-)
刷	*[s]r[o]t 
衰	*sruj 
率	*s-rut-s 
帥	*s-rut-s 
率	*s-rut 
蟀	*srut 
雙	*[s]roŋ 
霜	*[s]raŋ 
誰	*[d]uj 
水	*s.turʔ (E dialect: *-r > *-j)
睡	*[d]o[j]-s 
帨	*l̥ot-s 
税	*l̥ot-s 
説	*l̥ot-s 
帨	*s.l̥ot-s 
楯	*Cə.lu[n]ʔ 
舜	*[s.t]u[n]-s 
順	*Cə.lu[n]-s 
説	*l̥ot 
碩	*[d]Ak 
數	*s-rok 
朔	*s-ŋrak 
爍	*r̥ewk (W dialect: *r̥- > *x-, palatalizing)
爍	*r̥ewk (W dialect: *r̥- > *x-, palatalizing)
鑠	*r̥ewk (W dialect: *r̥- > *x-, palatalizing)
嘶	*[s]ˤe 
思	*[s]ə 
絲	*[s]ə 
司	*s-lə 
私	*[s]əj 
斯	*[s]e 
斯	*[s]e 
虒	*s.le 
𩆵	*s[e]r 
斯	*se 
死	*sijʔ 
肆	*s-ləp-s 
四	*s.li[j]-s 
駟	*s.li[j]-s 
巳	*s-[ɢ]əʔ 
祀	*s-[ɢ]əʔ 
禩	*s.ɢəʔ 
耜	*sə-ləʔ 
似	*sə.ləʔ 
寺	*s-[d]əʔ-s 
食	*s-m-lək-s 
飤	*s-m-lək-s 
飼	*s-m-lək-s 
嗣	*sə.lə-s 
兕	*[s.ɢ]ijʔ 
俟	*s-[ɢ]rəʔ 
俟	*s.[ɢ]rəʔ 
嵩	*[s]uŋ 
崧	*[s]uŋ 
松	*sə.ɢoŋ 
宋	*[s]ˤuŋ-s 
送	*[s]ˤoŋ-s 
頌	*s-[ɢ]oŋ-s 
訟	*s.[ɢ]oŋ-s 
誦	*sə-[l]oŋ-s 
搜	*sru 
叟	*s-ruʔ (dialect: > *sruʔ > MC srjuwX > sruwX > suwX)
叜	*s-ruʔ 
傁	*s-ruʔ 
嗽	*[s]ˤok-s 
蘇	*s-ŋˤa 
穌	*s.ŋˤa 
俗	*s-[ɢ]ok 
粟	*[s]ok 
宿	*[s]uk 
夙	*[s]uk 
肅	*siwk 
肅	*siwk 
肅	*siwk 
肅	*siwk 
肅	*siwk 
素	*[s]ˤak-s 
愬	*s-ŋˤak-s 
𧪜	*s-ŋˤak-s 
遡	*s-ŋˤak-s 
㴑	*s-ŋˤak-s 
泝	*s-ŋˤak-s 
訴	*s-ŋˤak-s 
速	*[s]ˤok 
速	*[s]ˤok 
酸	*[s]ˤor 
蒜	*[s]ˤor-s 
算	*[s]ˤorʔ-s 
祘	*[s]ˤorʔ-s 
雖	*s-qʷij 
隋	*lˤojʔ 
隋	*lˤojʔ 
綏	*s.nuj 
隋	*sə.loj 
隨	*sə.loj 
髓	*s-lojʔ 
瀡	*s-loj-s 
誶	*m-tsut 
隋	*s-loj-s 
歲	*s-qʷʰat-s 
祟	*s-lut-s 
誶	*s-tsu[t]-s 
碎	*[s-tsʰ]ˤu[t]-s 
𥝩	*s.[ɢ]ʷi[t]-s 
穟	*s.[ɢ]ʷi[t]-s 
穗	*s.[ɢ]ʷi[t]-s 
遂	*sə-lu[t]-s 
隧	*sə-lu[t]-s 
檖	*sə.lu[t]-s 
孫	*[s]ˤu[n] 
飧	*[s]ˤu[r] 
隼	*[s]urʔ 
筍	*s-qʷi[n]ʔ 
損	*[s-q]ʷˤə[n]ʔ 
娑	*[s]ˤa[j] 
縮	*[s]ruk 
蓑	*[s]ˤoj 
索	*[s]ˤak 
索	*[s]ˤak 
所	*s-qʰ<r>aʔ 
鎖	*[s]ˤojʔ 
瑣	*[s]ˤojʔ 
瑣	*[s]ˤojʔ 
鏁	*[s]ˤojʔ 
所	*qʰaʔ 
它	*l̥ˤaj 
他	*l̥ˤaj (E dialect: *l̥ˤ- > MC th-) 
獺	*r̥ˤat 
獺	*[m-r̥]ˤat 
蹋	*lˤap 
沓	*m-rˤəp 
眔	*m-rˤəp 
遝	*m-rˤəp 
𦍒	*l̥ˤat 
胎	*l̥ˤə 
臺	*lˤə 
泰	*l̥ˤa[t]-s 
太	*l̥ˤa[t]-s 
態	*n̥ˤə-s 
歎	*n̥ˤar 
灘	*n̥ˤar (E dialect: *n̥ˤ- > MC th-)  
嘽	*tʰˤar 
嘽	*tʰˤar 
嘽	*tʰˤar 
探	*l̥ˤ[ə]m 
貪	*r̥ˤ[ə]m 
談	*lˤ[o]m 
彈	*Cə.dˤar 
壇	*[d]ˤan 
彈	*[d]ˤar 
覃	*N.rˤ[o]m 
潭	*[l]ˤ[ə]m 
坦	*[tʰ]ˤa[n]ʔ 
醓	*[l̥ˤ][ə]mʔ 
炭	*[tʰ]ˤa[n]-s 
嘆	*n̥ˤar-s 
湯	*l̥ˤaŋ 
唐	*r̥ˤaŋ 
湯	*r̥ˤaŋ 
康	*r̥ˤaŋ 
鏜	*tʰˤaŋ 
糖	*C.lˤaŋ (no pre-Qín exx)
餳	*C.lˤaŋ (no pre-Qín exx)
唐	*[N-]rˤaŋ 
棠	*[N.]rˤaŋ 
唐	*[N].rˤaŋ 
堂	*[d]ˤaŋ 
塘	*m.rˤaŋ (~ *mə.rˤaŋ)
儻	*tʰˤaŋʔ 
攩	*tʰˤaŋʔ 
饕	*[tʰ]ˤaw 
滔	*l̥ˤu 
桃	*C.lˤaw 
鞀	*[d]ˤaw 
匋	*[l]ˤu 
逃	*lˤaw 
討	*[t]ʰˤuʔ 
犆	*[d]ˤək 
特	*[d]ˤək 
忒	*l̥ˤək 
慝	*n̥ˤək 
縢	*lˤəŋ 
騰	*lˤəŋ 
睇	*l̥ˤ[ə]j (~ *l̥ˤ[ə]jʔ)
梯	*l̥ˤ[ə]j 
剔	*l̥ˤek 
嗁	*C.lˤe 
啼	*C.lˤe 
提	*[d]ˤe 
荑	*lˤəj 
體	*r̥ˤijʔ 
嚏	*[t]ˤi[t]-s (< *t.lˤ-?)
涕	*[l̥]ˤ[ə]jʔ 
洟	*[l̥]ˤ[ə]j-s 
涕	*[l̥]ˤ[ə]jʔ-s 
剔	*l̥ˤek-s 
薙	*l̥ˤij-s 
替	*n̥ˤi[t]-s 
惕	*l̥ˤek 
添	*l̥ˤ[i]m 
天	*l̥ˤi[n] 
吞	*l̥ˤən 
填	*[d]ˤi[n] 
田	*lˤiŋ 
畋	*lˤiŋ 
殄	*[d]ˤə[n]ʔ 
舔	*l̥ˤ[i]mʔ 
忝	*l̥ˤ[i]mʔ 
忝	*l̥ˤ[i]mʔ-s 
腆	*tʰˤə[n]ʔ 
挑	*l̥ˤew 
調	*[d]ˤiw 
條	*[l]ˤiw 
條	*lˤiw 
窕	*lˤ[e]wʔ 
挑	*lˤewʔ 
跳	*lˤew 
眺	*l̥ˤew-s 
貼	*[tʰ]ˤ[e]p 
怗	*[tʰ]ˤep 
鐵	*l̥ˤik 
餮	*[tʰ]ˤət 
聽	*l̥ˤeŋ 
汀	*tʰˤeŋ 
停	*Cə.[d]ˤeŋ (~ *C.[d]ˤeŋ)
廷	*lˤeŋ 
亭	*m-tˤeŋ 
𡈼	*l̥ˤeŋʔ 
挺	*l̥ˤeŋʔ 
町	*tʰˤeŋʔ 
聽	*l̥ˤeŋ-s 
通	*l̥ˤoŋ 
彤	*N-rˤu[m] (dialect: *-um > *-uŋ)
童	*[d]ˤoŋ 
銅	*[l]ˤoŋ 
同	*lˤoŋ 
筒	*lˤoŋ 
桶	*l̥ˤoŋʔ 
慟	*[d]ˤoŋʔ-s 
痛	*l̥ˤoŋ-s 
偷	*l̥ˤo 
投	*[d]ˤo 
頭	*[m-t]ˤo 
突	*m-tʰˤut 
禿	*[tʰ]ˤok 
突	*tʰˤut 
屠	*[d]ˤa 
瘏	*[d]ˤa 
徒	*[d]ˤa 
圖	*[d]ˤa 
涂	*lˤa 
途	*lˤa 
塗	*lˤa 
塗	*lˤa 
腯	*lˤut 
稌	*l̥ˤa 
土	*tʰˤaʔ 
吐	*tʰˤaʔ 
兔	*l̥ˤa-s 
吐	*tʰˤaʔ-s 
湍	*tʰˤor 
團	*C.[d]ˤon 
摶	*[d]ˤon 
畽	*tʰˤonʔ 
彖	*l̥ˤo[r]-s 
推	*tʰˤuj 
隤	*N-rˤuj 
蜕	*l̥ˤot-s 
退	*n̥ˤ[u]p-s 
吞	*l̥ˤən 
焞	*tʰˤur 
焞	*tʰˤur 
焞	*tʰˤur 
屯	*[d]ˤun 
𡱂	*[d]ˤə[n] (dialect: *-ən > MC -won)
豚	*lˤu[n] 
𢄉	*lˤu[n] 
脱	*lˤot-s 
脱	*lˤot 
佗	*l̥ˤaj 
拖	*l̥ˤaj 
託	*tʰˤak 
捝	*l̥ˤot 
脱	*mə-l̥ˤot 
驒	*[d]ˤar 
鼉	*[d]ˤar 
紽	*lˤaj 
沱	*lˤaj 
鼉	*[d]ˤar 
驒	*tˤer 
橐	*tʰˤak 
隋	*l̥ˤojʔ 
橢	*l̥ˤojʔ 
妥	*n̥ˤojʔ 
汙	*qʷˤra 
污	*qʷˤra 
鼃	*qʷˤre (MC -ae for -ea)
鼃	*qʷˤre 
蛙	*qʷˤre 
鼃	*m-qʷˤre (MC -ae for -ea)
鼃	*m-qʷˤre 
瓦	*C.ŋʷˤra[j]ʔ 
韈	*C.m[a]t 
咼	*kʷˤrajʔ 
外	*[ŋ]ʷˤa[t]-s 
芄	*[ɢ]ʷˤa[r] 
丸	*[ɢ]ʷˤar 
完	*[ɢ]ˤo[n] 
丸	*ɦʷˤar (< *[ɢ]ʷˤar)
婉	*[ʔ]o[n]ʔ 
夗	*[ʔ]o[r]ʔ 
宛	*[ʔ]o[r]ʔ 
晚	*m[o][r]ʔ 
蔓	*C.ma[n]-s 
萬	*C.ma[n]-s 
玩	*[ŋ]ˤo[n]-s 
翫	*[ŋ]ˤo[n]-s 
汪	*qʷˤaŋ 
尪	*qʷˤaŋ 
王	*ɢʷaŋ 
亡	*maŋ 
忘	*maŋ 
枉	*qʷaŋʔ 
往	*ɢʷaŋʔ 
罔	*maŋʔ (or *C.maŋʔ ?)
網	*maŋʔ (or *C.maŋʔ ?)
惘	*maŋʔ 
网	*maŋʔ (or *C.maŋʔ ?)
迋	*[ɢ]ʷaŋʔ 
王	*ɢʷaŋ-s 
迋	*ɢʷaŋʔ-s 
望	*maŋ 
妄	*maŋ-s 
忘	*maŋ-s 
望	*maŋ-s 
威	*ʔuj 
委	*q(r)oj 
崴	*[ʔ]ˤruj 
隈	*[ʔ]ˤuj 
微	*məj 
巍	*N-qʰuj 
危	*[ŋ](r)[o]j 
韋	*[ɢ]ʷə[j] 
韋	*[ɢ]ʷə[j] 
違	*[ɢ]ʷə[j] 
圍	*[ɢ]ʷə[j] 
為	*ɢʷ(r)aj 
帷	*ɢʷrij 
魏	*N-qʰuj 
嵬	*N-qʰˤuj 
嵬	*N-qʰˤujʔ 
壝	*[ɢ](r)uj 
唯	*ɢʷij (< *ɢʷuj?)
惟	*ɢʷij 
維	*ɢʷij (? < *ɢʷuj)
委	*q(r)ojʔ 
委	*q(r)ojʔ 
委	*q(r)orʔ 
骫	*qʷ(r)arʔ 
煒	*[ɢ]ʷə[j]ʔ 
韡	*[ɢ]ʷə[j]ʔ 
洧	*[ɢ]ʷrəʔ 
鮪	*[ɢ]ʷrəʔ 
尾	*[m]əjʔ 
亹	*mərʔ 
偽	*N-ɢʷ(r)aj-s 
偽	*m-ɢʷ(r)aj-s 
諉	*nroj-s 
畏	*ʔuj-s 
㷉	*ʔut-s 
慰	*ʔut-s 
蔚	*ʔut-s 
胃	*[ɢ]ʷə[t]-s 
謂	*[ɢ]ʷə[t]-s 
蝟	*[ɢ]ʷə[t]-s 
為	*ɢʷ(r)aj-s 
衛	*[ɢ]ʷ(r)a[t]-s 
位	*[ɢ]ʷrəp-s (< *ɢʷəʔ-rəp-s ?)
未	*m[ə]t-s 
未	*m[ə]t-s 
味	*m[ə]t-s 
魏	*N-qʰuj-s 
遺	*[ɢ](r)uj-s 
𥁕	*ʔˤun 
温	*ʔˤun 
蚉	*C.mə[r] 
蚊	*C.mə[r] 
聞	*mu[n] 
文	*mə[n] 
眼	*ŋˤə[n]ʔ 
問	*C.mu[n]-s 
翁	*qˤoŋ 
瓮	*qˤoŋ-s 
甕	*qˤoŋ-s 
蝸	*k.rˤoj (dialect: *k.rˤ- > *kˤr-)
我	*ŋˤajʔ 
渥	*qˤrok (or *ʔˤrok ?)
擭	*qʷˤrak 
臥	*[ŋ]ˤ[o]j-s 
烏	*[ʔ]ˤa 
於	*[ʔ]ˤa 
洿	*qʷˤa 
圩	*qʷˤa 
烏	*qˤa 
烏	*ʔˤa 
屋	*qˤok (or *ʔˤok ?)
巫	*C.m(r)[o] 
誣	*[m](r)[o] 
蕪	*m(r)a 
無	*ma 
無	*ma 
无	*ma 
無	*mo 
毋	*mo 
吳	*ŋʷˤa 
吾	*ŋˤa 
舞	*k.m(r)aʔ 
儛	*k.m(r)aʔ 
武	*m(r)aʔ 
侮	*m(r)oʔ 
五	*C.ŋˤaʔ 
伍	*C.ŋˤaʔ 
午	*[m].qʰˤaʔ 
午	*m-qʰˤaʔ 
惡	*ʔˤak-s 
霧	*kə.m(r)[o]k-s 
務	*m(r)o-s 
物	*C.mut 
勿	*mut 
勿	*mut 
戊	*m(r)uʔ-s (~ *m(r)uʔ)
誤	*ŋʷˤa-s 
悟	*ŋˤa-s 
寤	*ŋˤa-s 
晤	*ŋˤak-s 
啎	*ŋˤak-s 
遻	*ŋˤak-s 
兀	*[ŋ]ˤut 
奚	*[g]ˤe (dial. for 何 *[g]ˤaj?)
奚	*[g]ˤe 
蹊	*[g]ˤe 
兮	*gˤe 
溪	*kʰˤe 
谿	*kʰˤe 
屖	*s-lˤəj 
西	*s-nˤər 
西	*s-nˤər 
犀	*s.lˤəj 
析	*[s]ˤek 
晳	*[s]ˤek 
錫	*s-lˤek 
錫	*s.lˤek 
息	*sək 
息	*sək 
熄	*sək 
悉	*[s]i[t] 
膝	*s-tsik 
昔	*[s]Ak 
惜	*[s]Ak 
蟋	*srit 
熹	*qʰ(r)ə 
熙	*qʰ(r)ə 
噏	*qʰ(r)[ə]p 
歙	*qʰ(r)[ə]p 
吸	*qʰ(r)əp 
希	*qʰəj 
豨	*qʰəj 
犧	*ŋ̊(r)a[j] 
羲	*ŋ̊(r)aj 
䖒	*ŋ̊(r)ar 
屎	*[qʰ]ij (dialect: *qʰ- > *x-, no palatalization)
觿	*qʷʰe 
夕	*s-ɢAk 
騱	*gˤe 
隰	*s-N-qip 
習	*s-ɢʷəp (with root *ɢʷəp ‘wing’?)
襲	*sə-l[ə]p 
襲	*sə.l[ə]p 
席	*s-m-tAk 
洗	*[s]ˤərʔ 
洒	*[s]ˤərʔ 
枲	*s.ləʔ 
徙	*[s]ajʔ 
璽	*s.[n]e[r]ʔ 
灑	*Cə.s<r>ərʔ 
纚	*sreʔ 
喜	*qʰ(r)əʔ 
狶	*qʰəjʔ 
豨	*qʰəjʔ 
系	*[m]-kˤek-s 
繫	*m-kˤek-s 
係	*kˤek-s 
綌	*[k]ʰrak 
郤	*[k]ʰrak 
𡭴	*[k]ʰrak 
隙	*[k]ʰrak 
細	*[s]ˤe(k)-s 
潟	*s-qʰAk 
舄	*s.qʰAk 
舄	*s.qʰak (dialect: *s.qʰ> MC tsh-, *-ak > -jak)
鬩	*[ŋ̊]ˤek 
塈	*qʰ(<r>)ə[t]-s 
塈	*qʰ(r)ə[t]-s 
塈	*qʰ<r>əp-s 
翕	*qʰ(r)[ə]p 
翕	*qʰ(r)[ə]p 
塈	*qʰ(<r>)ə[t]-s 
餼	*qʰ(r)ə[t]-s 
塈	*qʰə[t]-s 
氣	*qʰət-s 
虩	*qʰrak 
戲	*ŋ̊(r)ar-s 
蝦	*[g]ˤra 
瑕	*[g]ˤra 
遐	*[g]ˤra 
騢	*[g]ˤra 
匣	*[g]ˤr[a]p 
柙	*[g]ˤr[a]p 
狎	*[g]ˤr[a]p 
舝	*[g]ˤrat 
轄	*[g]ˤrat 
峽	*N-kˤ<r>ep 
狹	*N-kˤ<r>ep 
黠	*[g]ˤri[t] 
廈	*[g]ˤraʔ 
厦	*[g]ˤraʔ 
夏	*[ɢ]ˤraʔ 
下	*gˤraʔ 
暇	*[g]ˤra-s 
芐	*[g]ˤra-s 
夏	*[g]ˤraʔ (~ *[g]ˤraʔ-s)
下	*m-gˤraʔ-s 
嚇	*qʰˤ<r>ak-s 
蹮	*sˤe[r] 
先	*sˤər 
譣	*s.qʰ[a]m 
鮮	*[s][a]r 
仙	*[s]a[r] 
僊	*[s]a[r] 
鮮	*s[a]r 
天	*l̥ˤi[n] (W dialect: l̥ˤ- > Hàn-time *xˤ- > MC x-)
銜	*[g]ˤr[a]m 
鹹	*Cə.[g]ˤr[o]m 
咸	*[g]ˤr[ə]m 
間	*N-kˤre[n] 
閑	*N-kˤre[n] 
閑	*[g]ˤra[n] 
閑	*[g]ˤra[n] 
閑	*[g]ˤra[n] 
瞷	*m-[k]ˤ<r>en 
嫌	*N-kˤem 
賢	*[g]ˤi[n] 
弦	*[ɢ]ˤi[n] 
㳄	*s-N-qa[r] 
㳄	*s-N-qa[r] 
姺	*[s]ˤərʔ 
洗	*sˤərʔ 
鮮	*[s][e]rʔ 
𤣔	*s.[n]e[r]ʔ 
獮	*s.[n]e[r]ʔ 
顯	*qʰˤenʔ 
險	*qʰr[a]mʔ 
險	*qʰr[a]mʔ 
臽	*[ɢ]ˤromʔ-s 
陷	*[ɢ]ˤromʔ-s 
限	*[g]ˤrə[n]ʔ 
俔	*N-[k]ˤenʔ 
見	*N-[k]ˤen-s 
現	*N-[k]ˤen-s 
見	*m-[k]ˤen-s 
縣	*Cə.[g]ʷˤe[n]-s 
獻	*s-ŋˤar 
霰	*sˤ[e]r-s 
𩆵	*sˤ[e]r-s 
先	*sˤər-s 
憲	*qʰar (~ *qʰar-s)
獻	*ŋ̊ar-s 
羨	*s-N-qa[r]-s 
羨	*s-[ɢ]a[n]-s 
箱	*C.[s]aŋ 
相	*[s]aŋ 
襄	*s-naŋ 
襄	*s-naŋ 
纕	*s-naŋ 
膷	*[qʰ]aŋ 
皀	*qʰaŋ 
鄉	*qʰaŋ 
薌	*qʰaŋ 
香	*qʰaŋ 
夅	*m-kˤru[ŋ]  (? < *-[u]m)
降	*m-kˤru[ŋ]  (? < *-[u]m)
庠	*s-[ɢ]aŋ 
翔	*s.[ɢ]aŋ 
詳	*s.[ɢ]aŋ 
祥	*s.ɢaŋ 
想	*[s]aŋʔ 
饟	*n̥aŋ 
饟	*n̥aŋʔ 
饟	*n̥aŋ(ʔ)-s 
享	*[qʰ]ˤraŋ (W dialect)
享	*[qʰ]aŋʔ 
亨	*[qʰ]aŋʔ 
曏	*n̥aŋʔ (W dialect: *n̥- > MC x-)
鄉	*qʰaŋʔ 
饗	*qʰaŋʔ 
響	*qʰaŋʔ 
項	*[g]ˤroŋʔ 
巷	*C.[g]ˤroŋ-s 
相	*[s]aŋ-s 
向	*n̥aŋ-s 
曏	*n̥aŋʔ-s (W dialect: *n̥- > MC x-)
鄉	*qʰaŋ-s 
嚮	*qʰaŋ-s 
橡	*s-[d]aŋʔ 
象	*s.[d]aŋʔ 
像	*s.[d]aŋʔ 
鴞	*[ɢ]ʷ(r)aw 
簫	*sˤiw 
蕭	*sˤiw 
蕭	*sˤiw 
削	*[s]ewk 
肖	*[s]ew 
宵	*[s]ew 
消	*[s]ew 
逍	*[s]ew 
霄	*[s]ew 
小	*[s]ewʔ 
曉	*qʰˤewʔ 
效	*m-[k]ˤraw-s 
斆	*m-kˤruk-s 
嘯	*sˤiw(k)-s 
笑	*[s-l]aw-s 
肖	*[s]ew-s 
削	*[s]ewk-s 
孝	*qʰˤ<r>uʔ-s 
楔	*s.qˤet 
歇	*qʰat 
鞵	*[g]ˤre (no pre-Qín exx.)
鞋	*[g]ˤre (no pre-Qín exx.)
劦	*[ɢ]ˤep 
協	*[ɢ]ˤep 
挾	*m-kˤep (?)
擷	*m-[k]ˤi[t] 
偕	*kˤrij 
挾	*S-kˤep 
脅	*qʰ<r>ep 
邪	*sə.ɢA 
寫	*s-qʰAʔ 
寫	*s-qʰAʔ 
瀉	*s-qʰAʔ 
解	*N-kˤreʔ 
解	*N-kˤreʔ 
蟹	*m-kˤreʔ 
邂	*[g]ˤre-s 
械	*[m-k]ˤrək-s 
屧	*s-lˤep 
燮	*s.qʰˤ(r)ip 
屑	*s-lˤi[t] 
卸	*s-qʰA(ʔ)-s 
絏	*s-l[a]t 
泄	*s-lat 
褻	*s-ŋet 
泄	*lat-s 
謝	*sə-lAk-s 
心	*səm 
辛	*[s]i[n] 
薪	*[s]i[n] 
新	*s.tsʰi[n] 
辛	*si[n] 
馨	*qʰˤeŋ 
歆	*[qʰ](r)əm 
昕	*qʰər 
欣	*qʰər 
罧	*s.r[ə]mʔ 
囟	*[s]ə[r]-s 
信	*s-ni[ŋ]-s 
釁	*m̥rər-s 
衅	*m̥rər-s 
星	*s-tsʰˤeŋ 
興	*qʰ(r)əŋ 
行	*Cə.[g]ˤraŋ 
行	*[g]ˤraŋ-s 
邢	*[g]ˤeŋ 
陘	*[g]ˤeŋ 
刑	*[ɢ]ˤeŋ 
刑	*[ɢ]ˤeŋ 
形	*[ɢ]ˤeŋ 
硎	*[ɢ]ˤeŋ 
醒	*s-tsʰˤeŋʔ 
省	*[s]eŋʔ 
杏	*C.[g]ˤraŋʔ 
荇	*[g]ˤraŋʔ 
幸	*[g]ˤreŋʔ 
姓	*seŋ-s 
性	*seŋ-s 
凶	*qʰ(r)oŋ 
訩	*qʰ(r)oŋ 
兄	*m̥raŋ 
熊	*C.[ɢ]ʷ(r)əm 
雄	*[ɢ]ʷəŋ 
修	*s-liw 
脩	*s-liw 
羞	*s-nu 
休	*qʰ(r)u 
休	*qʰ(r)u 
鵂	*qʰ(r)u 
朽	*qʰ(r)uʔ 
秀	*[s-l]u(ʔ)-s 
繡	*[s]iw(k)-s 
宿	*[s]uk-s 
嗅	*qʰu(ʔ)-s 
袖	*sə.[l]u-s 
虛	*C.qʰ(r)a 
墟	*C.qʰ(r)a 
須	*C-[s.n]o 
鬚	*C-[s.n]o 
須	*[s]o 
需	*s-no 
戌	*s.mi[t] 
虛	*qʰ(r)a 
吁	*qʷʰ(r)a 
訏	*qʷʰ(r)a 
邪	*sə.la 
徐	*sə.la 
湑	*s-raʔ (dialect: *s-r- > MC s-)
許	*qʰ(r)aʔ 
許	*qʰ(r)aʔ 
壻	*[s]ˤ[i][j]-s 
絮	*s-na-s 
恤	*s-[m]i[t] 
訹	*s-lut 
蓄	*qʰ<r>uk 
頊	*qʰ(r)ok 
畜	*qʰuk-s 
畜	*qʰuk 
蓄	*qʰuk 
稸	*qʰuk 
慉	*qʰuk 
侐	*m̥ik-s 
淢	*m̥(r)ik 
洫	*m̥(r)ik 
侐	*m̥(r)ik 
序	*[sə.l]aʔ 
緒	*s-m-taʔ 
敘	*s-m-taʔ 
續	*sə.lok 
藚	*sə.lok 
亘	*s-[q]ʷar 
宣	*s-qʷar 
亘	*swar (< *s-[q]ʷar)
軒	*qʰa[r] 
儇	*qʷʰen 
翾	*qʷʰen 
塤	*qʰo[n] 
諼	*qʷʰa[r] 
吅	*qʷʰar 
諠	*qʷʰar 
駽	*qʷʰˤen 
誸	*[ɢ]ˤi[n] 
懸	*N-kʷˤe[n] (error in B&S 2014, should be *Cə.[g]ʷˤe[n] to account for Mǐn)
縣	*[g]ʷˤe[n] 
玄	*[ɢ]ʷˤi[n] 
㘣	*s-[ɢ]ʷe[n] 
旋	*s-ɢʷen 
還	*s-ɢʷen 
癬	*[s]arʔ 
選	*[s]o[n]ʔ 
選	*[s]o[r]ʔ 
喧	*qʷʰar 
咺	*qʷʰarʔ 
晅	*qʷʰarʔ 
烜	*qʷʰarʔ 
鞙	*[ɢ]ʷˤenʔ 
選	*[s]o[n]ʔ-s 
駽	*qʷʰˤen-s 
絢	*qʷʰˤi[n]-s 
旋	*s-ɢʷen-s 
辥	*s.ŋat 
薛	*s.ŋat 
薛	*s.ŋat 
鷽	*qˤruk 
學	*m-kˤruk 
鷽	*m-qˤruk 
穴	*[ɢ]ʷˤi[t] 
雪	*[s]ot 
謔	*ŋ̊(r)awk 
烕	*m̥et 
血	*m̥ˤik 
葷	*qʰu[n] 
熏	*qʰu[n] 
薰	*qʰu[n] 
薰	*qʷʰər 
壎	*qʰo[n] 
燂	*[l]ˤom 
荀	*s.qʷi[n] 
爓	*[sə-l][ə]m 
尋	*sə-l[ə]m (< *-um ?)
尋	*sə-l[ə]m 
巡	*[sə.l]u[n] 
旬	*s-N-qʷi[n] 
紃	*s-du[n] 
馴	*sə.lu[n] 
循	*sə.lu[n] 
訊	*[s]i[n]-s 
濬	*s-[q]ʷi[n|ŋ]-s 
訓	*l̥u[n]-s (W dialect: *l̥- > x- )
徇	*s-[ɢ]ʷi[n]-s 
殉	*s.[ɢ]ʷi[n]-s 
鴉	*qˤra 
壓	*ʔˤrep 
押	*ʔˤrep 
厭	*ʔep 
牙	*m-ɢˤ<r>a 
芽	*m-ɢˤ<r>a 
厓	*ŋˤrar 
崖	*ŋˤrar 
涯	*ŋˤrar 
邪	*ɢ(r)A 
啞	*ʔˤraʔ 
雅	*N-ɢˤraʔ 
雅	*[N-ɢ]ˤraʔ 
庌	*[N]-qʰˤraʔ 
亞	*ʔˤrak-s 
軋	*qˤrət 
揠	*ʔˤr[e]t 
迓	*ŋˤ<r>ak-s 
襾	*qʰˤraʔ 
殷	*ʔˤrə[r] 
烟	*[q]ˤi[n] 
煙	*[q]ˤi[n] 
咽	*ʔˤi[n] 
淹	*ʔ(r)om 
鄢	*[ʔ](r)a[n] 
焉	*ʔa[n] 
猒	*ʔem 
厭	*ʔem 
鄢	*[ʔ]a[n] 
鄢	*[ʔ]a[n]ʔ 
焉	*[ʔ]a[n] (atonic)
炎	*[ɢ]ʷ(r)am 
巖	*[ŋ]ˤr[a]m (< uvular?)
顏	*C.ŋˤrar 
顏	*C.ŋˤrar 
妍	*[ŋ]ˤe[r] 
研	*[ŋ]ˤe[r] 
硏	*C.[ŋ]ˤe[r]-s (< uvular)
嚴	*ŋ(r)am 
言	*ŋa[n] 
言	*ŋa[n] 
言	*ŋa[n] 
言	*ŋa[r] 
檐	*Cə.[ɢ]am 
壛	*Cə.[ɢ]am 
阽	*[l]em 
檐	*[ɢ][a]m 
閻	*[ɢ][a]m 
鹽	*[ɢr][o]m 
羨	*[ɢ]a[n] 
延	*la[n] 
筵	*la[n] 
沿	*lon 
奄	*ʔ(r)omʔ 
㫃	*qarʔ 
偃	*ʔa[n]ʔ 
偃	*ʔa[n]ʔ 
眼	*[ŋ]ˤ<r>ə[n]ʔ 
儼	*ŋ(r)[a]mʔ 
巘	*ŋ(r)ar(ʔ) 
甗	*ŋrar-s 
甗	*ŋar 
巘	*ŋ(r)ar(ʔ) 
剡	*N-r[a]mʔ 
覃	*N-r[a]mʔ 
衍	*N-q(r)anʔ 
演	*N-q(r)anʔ 
晏	*ʔˤ<r>a[n]-s 
鴳	*ʔˤ<r>a[r]-s 
晏	*ʔˤe[n]-s 
燕	*ʔˤe[n]-s 
燕	*ʔˤe[n]-s 
宴	*ʔˤe[n]-s 
咽	*ʔˤi[n]-s 
饜	*ʔ<r>em-s 
猒	*ʔem-s 
鴈	*C.[ŋ]ˤrar-s 
雁	*C.[ŋ]ˤrar-s 
硯	*C.[ŋ]ˤe[r]-s (< uvular)
驗	*m-qʰr[a]m-s 
讞	*ŋ(r)ar-s 
諺	*ŋra[n]-s 
彥	*ŋrar-s 
讞	*ŋ(r)at 
鬳	*ŋar-s 
爓	*[ɢ]om-s 
鹽	*[ɢr][o]m-s 
央	*ʔaŋ 
央	*ʔaŋ 
殃	*ʔaŋ 
鴦	*ʔaŋ 
瘍	*[l]aŋ 
痒	*[ɢ](r)aŋ 
昜	*laŋ 
陽	*laŋ 
揚	*laŋ 
颺	*laŋ 
楊	*laŋ 
鍚	*laŋ 
洋	*ɢ(r)aŋ 
羊	*ɢaŋ 
痒	*s.[ɢ]aŋ 
仰	*C.ŋaŋʔ 
癢	*Cə.ɢaŋʔ 
養	*[ɢ](r)aŋʔ 
養	*[ɢ]aŋʔ 
羕	*[ɢ](r)aŋʔ-s 
幺	*ʔˤ[i]w 
夭	*[ʔ](r)aw 
腰	*ʔew 
爻	*N-kˤraw 
爻	*N-kˤraw 
肴	*[g]ˤraw 
堯	*[ŋ]ˤew 
䍃	*law 
窰	*law 
傜	*law 
徭	*law 
媱	*law 
搖	*law 
謠	*law 
窈	*ʔˤ[e]wʔ 
葯	*[q]ˤrewk 
要	*[q]ew(k)-s 
約	*[q]ewk-s 
樂	*[ŋ]ˤrawk-s 
藥	*m-r[e]wk 
曜	*lewk-s 
燿	*lewk-s 
耀	*lewk-s 
噎	*qˤik 
邪	*[ɢ](r)A 
也	*lAjʔ 
野	*lAʔ 
𡐨	*lAʔ 
埜	*lAʔ 
謁	*qat 
燁	*ɢʷ(r)[ə]p 
爗	*ɢʷ(r)[ə]p 
燁	*[ɢ]ʷ(r)[a]p 
爗	*[ɢ]ʷ(r)[a]p 
業	*[m-qʰ](r)[a]p 
業	*[m-qʰ](r)[a]p 
業	*[ŋ](r)[a]p 
夜	*[ɢ]Ak-s 
掖	*[ɢ](r)Ak 
腋	*[ɢ](r)Ak 
液	*ɢrAk 
葉	*l[a]p 
枼	*lap 
抴	*l[a]t 
鷖	*ʔˤij 
衣	*ʔ(r)əj 
依	*ʔəj 
吚	*[ʔ]ij 
咿	*[ʔ]ij 
伊	*ʔij 
揖	*qip 
一	*ʔi[t] 
壹	*ʔi[t] 
疑	*[ŋ](r)ə (< uvular)
沂	*[ŋ]ər (< uvular)
儀	*ŋ(r)aj 
宜	*ŋ(r)aj 
宜	*ŋ(r)aj 
𦣞	*[ɢ](r)ə 
頤	*[ɢ](r)ə 
台	*lə 
怡	*lə 
詒	*lə 
貽	*lə 
彝	*[l][ə]j 
夷	*ləj 
夷	*ləj 
移	*laj 
迻	*laj 
蛇	*laj 
匜	*laj 
遺	*[ɢ](r)uj 
鈶	*sə.ləʔ 
乙	*qrət 
偯	*ʔəjʔ 
椅	*Cə.q(r)ajʔ 
倚	*Cə.q(r)ajʔ 
矣	*qəʔ (atonic)
螘	*m-qʰəjʔ 
蛾	*m-qʰ(r)ajʔ 
蟻	*m-qʰ(r)ajʔ 
螘	*m-qʰ(r)ajʔ 
錡	*m.ɢ(r)ajʔ 
㠯	*ləʔ 
以	*ləʔ 
苡	*ləʔ 
已	*ɢ(r)əʔ 
胣	*lajʔ 
縊	*qˤ[i]k-s 
意	*ʔ(r)ək-s 
懿	*[ʔ]<r>ik-s 
㦤	*q<r>i[t]-s 
饐	*q<r>ik-s 
抑	*[ʔ](r)ik 
抑	*[ʔ]ik 
億	*ʔ(r)ək 
憶	*ʔ(r)ək 
臆	*ʔ(r)ək 
邑	*q(r)[ə]p 
浥	*q<r>ip 
衣	*ʔ(r)əj-s 
瘞	*q(r)[e]p-s 
縊	*q[i]k-s 
益	*q[i]k (dialect: *-ik > *-ek)
嗌	*q[i]k (dialect: *-ik > *-ek)
膉	*q[i]k 
挹	*qip 
挹	*qip 
挹	*qip 
唈	*qˤ[ə]p 
羿	*[ŋ]ˤer-s 
詣	*[ŋ]ˤij-s 
鷁	*m-ɢˤek 
劓	*[ŋ]rə[t]-s 
豙	*[ŋ]ə[t]-s 
毅	*[ŋ]ə[t]-s 
藙	*[ŋ]ə[t]-s 
仡	*[ŋ]ət 
義	*ŋ(r)aj-s 
議	*ŋ(r)aj-s 
㓷	*ŋ<r>[a][t]-s 
埶	*ŋet-s (MC I!)
蓺	*ŋet-s (MC I!)
藝	*ŋet-s (MC I!)
乂	*ŋa[t]-s 
乂	*ŋa[t]-s 
刈	*ŋa[t]-s 
異	*ɢ(r)ək-s 
异	*ɢ(r)ək-s 
弋	*lək 
翊	*ɢʷrəp (dialect: *-p > *-k)
翌	*ɢʷrəp (dialect: *-p > *-k)
翌	*ɢʷrəp (dialect: *-p > *-k) 
翼	*ɢʷrəp (dialect: *-p > *-k)
溢	*N-q(r)ik 
佾	*[N.]r[i]t 
逸	*[l]i[t] 
鎰	*[ɢ](r)ik 
易	*lek-s 
勩	*l[a][p]-s 
裔	*l[a][t]-s 
亦	*[ɢ](r)Ak 
奕	*[ɢ](r)Ak 
弈	*[ɢ](r)Ak 
譯	*lAk 
驛	*lAk 
易	*lek 
蜴	*lek 
亦	*ɢ(r)Ak 
役	*ɢʷek 
疫	*ɢʷek 
音	*[q](r)əm 
陰	*q(r)um 
駰	*ʔ<r>i[n] 
殷	*ʔə[r] 
殷	*ʔə[r] 
慇	*ʔə[r] 
殷	*ʔər 
愔	*[q]im 
垔	*[q]i[n] 
陻	*[q]i[n] 
禋	*[q]i[n] 
因	*ʔi[n] 
吟	*m-qʰ(r)[ə]m 
誾	*[ŋ]rə[n] (< uvular?)
銀	*ŋrə[n] 
垠	*[ŋ]ər 
圻	*[ŋ]ər 
寅	*[ɢ](r)ər 
淫	*N.r[ə]m 
㸒	*[N.]r[ə]m 
夤	*[ɢ[(r)ə[r] 
寅	*[ɢ](r)ər 
飲	*q(r)[u]mʔ 
隱	*[ʔ](r)ə[n]ʔ 
隱	*[ʔ](r)ə[n]ʔ 
蚓	*[ɢ](r)ə[r]ʔ 
螾	*[ɢ](r)ə[r]ʔ 
引	*li[n]ʔ 
朄	*li[n](ʔ)-s 
引	*li[n]ʔ-s 
尹	*m-qurʔ 
蔭	*mə-q<r>[u]m-s 
飲	*q(r)[ə]mʔ-s 
隱	*ʔ(r)ə[r]ʔ-s 
印	*[ʔ]iŋ-s 
胤	*[ɢ]ə[n]-s 
罌	*[ʔ]ˤreŋ 
罃	*[ʔ]ˤreŋ 
鷹	*[q](r)əŋ 
應	*[q](r)əŋ 
膺	*[q](r)əŋ 
英	*ʔ<r>aŋ 
嬰	*ʔeŋ 
嬰	*ʔeŋ 
纓	*ʔeŋ 
纓	*ʔeŋ 
熒	*[N]-qʷˤeŋ 
螢	*m-qʷˤeŋ 
迎	*ŋ<r>aŋ 
蠅	*m-rəŋ 
贏	*[ɢ]eŋ 
盈	*leŋ (< *liŋ?)
楹	*leŋ 
營	*[ɢ]ʷeŋ 
影	*qraŋʔ 
郢	*leŋʔ 
穎	*[ɢ]ʷeŋʔ 
迎	*ŋ<r>aŋ-s 
邕	*[q](r)oŋ (< *[q](r)om)
癰	*q(r)oŋ 
庸	*loŋ 
傭	*loŋ 
永	*[ɢ]ʷraŋʔ 
泳	*[ɢ]ʷraŋ(ʔ)-s 
咏	*[ɢ]ʷraŋ-s 
詠	*[ɢ]ʷraŋ-s 
俑	*loŋʔ 
勇	*loŋʔ 
踊	*loŋʔ 
用	*loŋ-s 
幽	*[ʔ](r)iw 
憂	*ʔ(r)u 
優	*ʔ(r)u 
攸	*liw 
悠	*liw 
尤	*[ɢ]ʷə 
訧	*[ɢ]ʷə 
游	*[N-]ru 
游	*[N-]ru 
遊	*[N-]ru 
斿	*[N.]ru 
油	*[l][u] 
猶	*[ɢ(r)]u 
猶	*[ɢ(r)]u 
由	*l[u] 
友	*[ɢ]ʷəʔ 
有	*[ɢ]ʷəʔ 
酉	*N-ruʔ 
酉	*N-ruʔ 
酉	*N-ruʔ 
牖	*[l]uʔ 
莠	*[l]uʔ 
幼	*[ʔ](r)iw-s 
右	*[ɢ]ʷəʔ 
祐	*[ɢ]ʷəʔ 
囿	*[ɢ]ʷək-s 
又	*[ɢ]ʷəʔ-s 
右	*[ɢ]ʷəʔ-s (~ *m-qʷəʔ)
佑	*[ɢ]ʷəʔ-s 
祐	*[ɢ]ʷəʔ-s 
囿	*[ɢ]ʷək 
誘	*luʔ 
迂	*qʷ(r)a 
紆	*qʷ(r)a 
迂	*[ɢ]ʷ(r)a 
於	*[ʔ]a 
歈	*lˤo 
㬰	*[g]ruj-s 
盂	*[ɢ]ʷ(r)a 
竽	*[ɢ]ʷ(r)a 
雩	*[ɢ]ʷ(r)a 
于	*ɢʷ(r)a 
于	*ɦʷa (< *ɢʷ(r)a)
魚	*[r.ŋ]a 
漁	*[ŋ](r)a 
䱷	*[ŋ](r)a 
鋙	*ŋ(r)a 
虞	*[ŋ]ʷ(r)a 
虞	*[ŋ]ʷ(r)a 
隅	*ŋ(r)o 
娛	*ŋʷ(r)a 
余	*la 
餘	*la 
予	*laʔ 
輿	*m-q(r)a 
舁	*m-q(r)aʔ 
臾	*[ɢ](r)o 
諛	*[ɢ](r)o 
俞	*lo 
愉	*lo 
榆	*lo 
渝	*lo 
踰	*lo 
逾	*lo 
蝓	*Cə.lo 
傴	*q(r)oʔ 
雨	*C.ɢʷ(r)aʔ 
宇	*[ɢ]ʷ(r)aʔ 
羽	*[ɢ]ʷ(r)aʔ 
禹	*[ɢ]ʷ(r)aʔ 
圄	*m-qʰ<r>aʔ 
圉	*m-qʰ<r>aʔ 
語	*ŋ(r)aʔ 
鋙	*ŋ(r)aʔ 
予	*laʔ 
与	*m-q(r)aʔ 
與	*m-q(r)aʔ 
庾	*[ɢ](r)oʔ 
鬱	*qut 
蔚	*ʔut 
彧	*qʷək 
郁	*qʷək 
奧	*ʔ(r)uk 
薁	*ʔ(r)uk 
芋	*[ɢ]ʷ(r)a-s 
雨	*[ɢ]ʷ(r)aʔ-s 
或	*[ɢ]ʷrək 
域	*[ɢ]ʷrək 
緎	*[ɢ]ʷrək 
汩	*[ɢʷ]rət 
御	*m-[qʰ](r)aʔ 
禦	*m-qʰ(r)aʔ 
御	*[ŋ](r)a-s 
馭	*[ŋ](r)a-s 
語	*ŋ(r)aʔ-s 
玉	*[ŋ](r)ok (< uvular?) 
獄	*[ŋ]rok 
寓	*ŋ(r)o-s 
遇	*ŋ(r)o-s 
緎	*qʷʰrək 
譽	*m-q(r)a 
譽	*[ɢ](r)a-s 
豫	*laʔ-s 
豫	*laʔ-s 
譽	*m-q(r)a-s 
鸒	*m-q(r)a-s 
與	*ɢ(r)aʔ-s 
欲	*ɢ(r)ok 
愈	*loʔ 
喻	*lo-s 
儥	*[l][iw]k 
𧶠	*luk 
育	*m-quk 
毓	*m-quk 
鬻	*m-quk 
昱	*ɢʷrəp (dialect: *-əp > *-up > *-uk) 
煜	*ɢʷrəp 
繘	*N.qʷi[t] 
聿	*[N.]rut 
聿	*[m-]rut 
遹	*ɢʷi[t] 
悁	*qʷen 
蜎	*qʷenʔ 
淵	*[ʔ]ʷˤi[ŋ] 
肙	*qʷˤen 
蜎	*qʷˤen 
蜎	*[m-k-qʷ]enʔ 
員	*ɢʷ<r>en 
圓	*ɢʷ<r>en 
圜	*ɢʷ<r>en 
園	*C.ɢʷa[n] 
猨	*[ɢ]ʷa[n] 
援	*[ɢ]ʷa[n] 
袁	*[ɢ]ʷa[n] 
轅	*[ɢ]ʷa[n] 
垣	*[ɢ]ʷar 
爰	*ɢʷa[n] 
原	*N-ɢʷar 
原	*N-ɢʷar 
源	*N-ɢʷar 
元	*[ŋ]o[r] (< nasal + uvular)
捐	*[ɢ]ʷen 
緣	*lon 
苑	*[ʔ]o[r]ʔ 
苑	*[ʔ]o[r]ʔ 
遠	*C.ɢʷanʔ 
怨	*[ʔ]o[r]-s 
媛	*[ɢ]ʷra[n]-s 
院	*ɢʷra[n]-s 
𩕾	*[ŋ]o[n]-s (< nasal + uvular?)
願	*[ŋ]o[n]-s (< nasal + uvular?) 
約	*[q](r)ewk 
葯	*[q]ˤrewk 
曰	*[ɢ]ʷat 
戉	*[ɢ]ʷat 
鉞	*[ɢ]ʷat 
越	*[ɢ]ʷat 
粵	*[ɢ]ʷat 
樂	*[ŋ]ˤrawk 
嶽	*[ŋ]ˤrok 
岳	*[ŋ]ˤrok 
月	*[ŋ]ʷat 
刖	*[ŋ]ʷˤ<r>at 
龠	*lewk 
籥	*lewk 
躍	*lewk 
蜕	*lot 
悦	*lot 
閲	*lot 
閲	*lot 
説	*lot 
員	*[ɢ]ʷə[n] 
雲	*[ɢ]ʷə[n] 
芸	*[ɢ]ʷə[n] 
云	*[ɢ]ʷə[r] 
筠	*[ɢ]ʷri[n] 
匀	*[N-q]ʷi[n] 
匀	*[ɢ]ʷi[ŋ] 
藴	*ʔunʔ 
隕	*[ɢ]ʷrə[n]ʔ 
允	*[l]u[r]ʔ 
狁	*[l]u[r]ʔ 
愠	*ʔun-s 
藴	*ʔunʔ-s 
運	*[ɢ]ʷər-s 
韻	*[m-qʷ]<r>i[n]-s (no pre-Qín exx.)
韵	*[m-qʷ]<r>i[n]-s (no pre-Qín exx.)
均	*[m-qʷ]<r>i[n]-s (no pre-Qín exx.)
孕	*l[i]ŋ-s 
帀	*[ts]ˤ[ə]p 
雜	*[dz]ˤ[u]p 
災	*[ts]ˤə 
灾	*[ts]ˤə 
𢦒	*[ts]ˤə 
𢦏	*[ts]ˤə 
哉	*[ts]ˤə 
哉	*[ts]ˤə 
栽	*[ts]ˤə 
烖	*[ts]ˤə 
載	*[ts]ˤəʔ 
宰	*[ts]ˤəʔ 
在	*[dz]ˤəʔ 
載	*[m-ts]ˤəʔ-s 
再	*[ts]ˤə(ʔ)-s 
載	*[ts]ˤə[ʔ]-s 
載	*[ts]ˤəʔ-s 
簪	*Cə.tsˤ[ə]m 
簪	*tsr[ə]m 
噆	*tsˤ[ə]p 
暫	*[dz]ˤam-s 
贊	*tsˤarʔ-s 
臧	*[ts]ˤaŋ 
贓	*[ts]ˤaŋ 
藏	*m-tsʰˤaŋ-s 
葬	*[ts]ˤaŋ-s 
糟	*[ts]ˤu 
遭	*tsˤu 
鑿	*[dz]ˤawk 
鑿	*[dz]ˤawk 
早	*Nə.tsˤuʔ 
藻	*[ts]ˤawʔ 
棗	*[ts]ˤuʔ 
澡	*mə-tsˤawʔ 
繰	*mə-tsˤawʔ 
蚤	*tsˤuʔ 
皁	*[dz]ˤuʔ 
造	*[dzˤ]uʔ 
燥	*C.sˤawʔ 
譟	*C.sˤaw-s 
竈	*[ts]ˤuk-s 
造	*(mə-)tsʰˤuʔ-s 
澤	*lˤrak 
則	*[ts]ˤək 
則	*[ts]ˤək 
柞	*[ts]ˤrak 
責	*s-tˤrek 
責	*s-tˤrek 
夨	*[ts]rək 
𠨮	*[ts]rək 
仄	*[ts]rək 
𣅔	*[ts]rək 
昃	*[ts]rək 
𣅛	*[ts]rək 
賊	*k.dzˤək 
譖	*[ts]r[ə]m-s 
繒	*[dz]əŋ 
曾	*[ts]ˤəŋ 
憎	*[ts]ˤəŋ 
增	*s-tˤəŋ 
贈	*[dz]ˤəŋ-s 
甑	*S-təŋ-s 
柤	*tsˤra 
札	*s-qˤrət 
眨	*mə-[ts]ˤr[a]p (< *mə-S.pˤrap ?)
乍	*[dz]ˤrak-s 
詐	*[ts]ˤrak-s 
摘	*tˤrek 
齋	*tsˤr[ə]j 
宅	*m-tˤ<r>ak 
廌	*[d]ˤreʔ 
債	*s-tˤrek-s 
責	*s-tˤrek-s 
祭	*[ts](ˤ)re[t]-s 
瘵	*[ts](ˤ)re[t]-s 
飦	*C.qˤa[n] 
沾	*[t]rem 
鱣	*tra[n] 
厃	*[t.q]am 
瞻	*[t.q]am 
詹	*[t]am 
噡	*[t]am 
占	*tem 
饘	*t-qa[n] 
氈	*ta[n] 
鸇	*ta[n] 
饘	*t-qa[n]ʔ 
輾	*tre[n]ʔ 
搌	*trenʔ 
展	*trenʔ 
展	*tra[n]-s 
斬	*[ts]ramʔ 
盞	*[ts]rarʔ 
棧	*[dz]ˤr[a][n]ʔ 
棧	*[dz]ˤr[a][n]-s 
棧	*[dz]r[a][n]ʔ 
轏	*[dz]r[a][n]ʔ (dzrj- > dzr-)
襢	*tra[n]ʔ 
襢	*tra[n]ʔ 
襢	*tra[n]ʔ-s 
戰	*tar-s 
戰	*tar-s 
張	*C.traŋ 
章	*taŋ 
獐	*taŋ 
璋	*taŋ 
長	*traŋʔ 
掌	*[k.t]aŋʔ 
丈	*[d]raŋʔ 
帳	*traŋ-s 
啁	*tˤriw 
朝	*t<r>aw 
昭	*taw 
爪	*[ts]ˤ<r>uʔ 
㕚	*[ts]ˤ<r>uʔ 
沼	*tawʔ 
濯	*lˤrewk-s 
櫂	*lˤrewk-s 
趙	*[d]rewʔ 
兆	*lr[a]wʔ 
召	*[d]raw-s 
罩	*tˤrawk-s 
炤	*taw-s 
照	*taw-s 
詔	*taw-s 
遮	*tA 
謫	*m-tˤrek 
蟄	*[d]rip 
轍	*[d]ret 
慹	*nˤ[i]p 
輒	*t-nˤep 
乇	*tˤrak 
謫	*C.tˤrek 
輒	*[t]rep 
耴	*t-nrep 
哲	*tr[e]t 
悊	*tr[e]t 
晢	*t[a]t-s 
懾	*[t.n][e]p 
慹	*t-nep 
晢	*t[a]t 
折	*tet 
者	*tAʔ 
赭	*tAʔ 
柘	*tAk-s 
蔗	*tAk-s 
椹	*tr[ə]m 
珍	*trə[n] 
貞	*treŋ 
貞	*treŋ 
蓁	*[ts]ri[n] 
榛	*tsri[n] 
箴	*t.[k]əm 
鍼	*t.[k]əm 
針	*t.[k]əm 
斟	*t.[q][ə]m 
甄	*t.qi[n] 
真	*ti[n] 
縝	*ti[n] 
振	*tər 
診	*m-t<r>ə[n]ʔ-s 
辴	*tʰrər 
辴	*tʰrərʔ 
枕	*[t.k][ə]mʔ 
㐱	*t[ə][n]ʔ 
稹	*ti[n]ʔ 
鬒	*ti[n]ʔ 
畛	*tə[n]ʔ 
袗	*tə[n]ʔ 
軫	*tə[n]ʔ 
診	*tə[n]ʔ 
朕	*lrəmʔ 
酖	*[l]r[ə]m-s 
鴆	*[l]r[ə]m-s 
陳	*lri[n]-s 
陣	*lri[n]-s 
疹	*tʰrə[n]-s 
鎮	*t<r>i[n]-s 
枕	*[t.k][ə]mʔ-s 
振	*tər-s 
震	*tər-s 
崢	*[dz]ˤreŋ 
丁	*tˤreŋ 
徵	*trəŋ 
爭	*[ts]ˤreŋ (~ *m-tsˤreŋ or *mə-tsˤreŋ)
烝	*təŋ 
脀	*təŋ 
蒸	*təŋ 
正	*C.teŋ 
征	*teŋ 
撜	*təŋʔ 
拯	*təŋʔ 
抍	*təŋʔ 
整	*teŋʔ 
鄭	*[d]reŋ-s 
證	*təŋ-s 
正	*teŋ-s 
政	*teŋ-s 
証	*teŋ-s 
知	*tre 
蜘	*tre 
之	*tə 
之	*tə 
脂	*kij 
織	*tək 
汁	*[t.k][ə]p 
支	*ke 
支	*ke 
枝	*ke 
肢	*ke 
胑	*ke 
觶	*tar 
隻	*tek 
植	*N-t<r>ək-s 
植	*m-t<r>ək-s 
直	*N-t<r>ək 
躑	*[d]rek 
殖	*N-tək 
埴	*[d]ək 
殖	*m-tək 
植	*m-tək 
稙	*trək 
縶	*t<r>ip 
樴	*tək 
職	*tək 
執	*[t]ip 
慹	*t-nip (dialect *t-n- > *t-)
摭	*tAk 
祉	*[tʰ]rəʔ 
黹	*tr[i]jʔ 
茝	*t-qəʔ 
止	*təʔ 
趾	*təʔ 
旨	*kijʔ 
指	*mə.kijʔ 
砥	*tijʔ 
紙	*k.teʔ 
咫	*keʔ 
豸	*[d]ˤreʔ 
治	*lrə-s 
值	*m-t<r>ək-s 
雉	*lr[i]jʔ 
稚	*lrəj-s 
稺	*lrəj-s 
豸	*[d]reʔ 
滯	*[d]r[a][t]-s 
彘	*[l]r[a][t]-s 
置	*trək-s 
疐	*[t-l]ri[t]-s 
質	*[t]<r>ip-s 
致	*t<r>i[t]-s 
陟	*trək 
窒	*[t]ri[t] 
智	*tre-s 
楖	*[ts]rik 
志	*tə-s 
識	*tək-s 
誌	*tək-s 
摯	*[t]ip-s 
鷙	*[t]ip-s 
至	*ti[t]-s 
質	*t-lit 
炙	*tAk-s 
寘	*ke-s 
示	*ke-s 
瘈	*ke[t]-s 
狾	*ke[t]-s 
制	*tet-s 
製	*tet-s 
炙	*tAk 
潨	*[N-s-t]ˤuŋ 
中	*truŋ 
忠	*truŋ 
妐	*t-qoŋ 
鍾	*toŋ 
鍾	*toŋ 
鐘	*toŋ 
終	*tuŋ 
螽	*tuŋ 
潨	*tuŋ 
冢	*[t]roŋʔ (or *[t]<r>oŋʔ ?)
種	*k.toŋʔ 
腫	*toŋʔ 
重	*N-t<r>oŋʔ 
重	*N-t<r>oŋʔ-s 
仲	*N-truŋ-s 
中	*truŋ-s 
種	*(mə-)toŋʔ-s 
眾	*tuŋ-s 
周	*tiw 
周	*tiw 
舟	*tu 
州	*tu 
洲	*tu 
粥	*t-quk 
鬻	*t-quk 
軸	*lruk 
疛	*[t]ruʔ 
肘	*t-[k]<r>uʔ 
帚	*[t.p]əʔ 
箒	*[t.p]əʔ 
紂	*[d]ruʔ 
酎	*[d]ruʔ 
冑	*[l]ru-s 
驟	*N-tsˤroʔ-s 
騶	*m-[ts]ˤro(k)-s 
晝	*truk-s 
咮	*tˤ<r>ok-s 
皺	*[ts]ˤro-s 
縐	*[ts]ˤro-s 
祝	*[t]uk-s 
豬	*tra 
株	*tro 
蛛	*tro 
誅	*tro 
邾	*tro 
諸	*ta 
諸	*ta 
朱	*to 
朱	*to 
侏	*to 
逐	*[l]riwk 
瘃	*[t]rok 
竹	*truk 
燭	*tok 
朮	*m.lut (~ *mə.lut)
褚	*traʔ 
拄	*t<r>oʔ 
壴	*t<r>oʔ-s 
煑	*[t]aʔ 
煮	*[t]aʔ 
䰞	*[t]aʔ 
渚	*taʔ 
陼	*taʔ 
屬	*tok 
斗	*toʔ 
主	*toʔ 
竚	*m-[t]raʔ 
紵	*mə-draʔ 
箸	*[d]<r>ak-s 
除	*lra-s 
柱	*m-t<r>oʔ 
住	*dro(ʔ)-s 
助	*[dz]ra-s 
著	*t<r>ak-s 
注	*tro(ʔ)-s 
築	*truk 
馵	*to(k)-s 
鑄	*tu-s (MC F!)
祝	*[t]uk 
祝	*tuk 
抓	*[ts](ˤ)ru 
抓	*tsˤ<r>uʔ 
髽	*[ts]ˤroj 
專	*ton 
轉	*mə-tronʔ 
轉	*tronʔ 
傳	*N-tron-s 
撰	*[dz]ro[n]ʔ 
傳	*tron-s 
妝	*[ts]raŋ 
莊	*[ts]raŋ 
撞	*N-tˤ<r>oŋ-s 
狀	*[dz]raŋ-s 
壯	*[ts]<r>aŋ-s 
追	*truj 
隹	*tur 
沝	*turʔ 
隊	*m.lru[t]-s 
墜	*m.lru[t]-s 
屯	*trun 
淳	*tur 
淳	*turʔ 
準	*turʔ 
桌	*tˤrawk (no pre-Qín exx.)
卓	*tˤrawk 
捉	*[ts](ˤ)rok 
拙	*[t]ot 
濁	*[N-tˤ]rok 
擢	*lˤrewk 
濯	*lˤrewk 
著	*m-t<r>ak 
躅	*[d]rok 
斲	*Cə.tˤrok 
啄	*mə-tˤ<r>ok 
著	*t<r>ak 
叕	*trot-s 
叕	*trot 
斮	*[ts]rak 
斮	*[ts]rak 
茁	*s-[k]rot 
茁	*s-[k]rot (tsrj- > tsr-)
繳	*[t]ewk 
斫	*tak 
勺	*tewk 
酌	*tewk 
滋	*[ts]ə 
咨	*[ts]ij 
粢	*[ts]ij 
資	*[ts]ij 
諮	*[ts]ij 
齍	*[ts]ij 
緇	*[ts]rə 
子	*[ts]əʔ 
梓	*[ts]əʔ 
子	*tsəʔ 
姊	*[ts][i]jʔ 
秭	*[ts][i]jʔ 
訾	*s-N-tse(j) 
字	*mə-dzə(ʔ)-s 
自	*s.[b]i[t]-s 
自	*s.[b]i[t]-s 
柴	*[C.dz]ˤre(j) 
恣	*tsi[t]-s 
從	*tsoŋ 
宗	*[ts]ˤuŋ 
緵	*[ts]ˤoŋ 
稯	*[ts]ˤoŋ 
豵	*[ts]ˤoŋ 
總	*[ts]ˤoŋ 
緫	*[ts]ˤoŋ 
揔	*[ts]ˤoŋ 
總	*[ts]ˤoŋ 
緫	*[ts]ˤoŋʔ 
揔	*[ts]ˤoŋʔ 
從	*[dz]oŋ-s 
縱	*[ts]oŋ-s 
綜	*[s-t]ˤuŋ-s 
諏	*[ts]o 
掫	*tso 
騶	*[ts]ˤro 
掫	*tsˤro 
掫	*tsˤroʔ 
走	*[ts]ˤoʔ 
奏	*tsˤo(ʔ)-s 
族	*[dz]ˤok 
足	*[ts]ok 
足	*[ts]ok 
鏃	*[ts]ˤok 
鏃	*[ts]ˤok 
卒	*[ts]ut 
卒	*[ts]ˤut 
阻	*[ts]raʔ 
祖	*[ts]ˤaʔ 
鑽	*[ts]ˤor 
纂	*[ts]ˤo[n]ʔ 
䘒	*[ts]ˤu[r] 
朘	*[ts]ˤu[r] 
觜	*[ts]ojʔ 
罪	*[dz]ˤujʔ 
最	*[ts]ˤot-s 
醉	*Cə.tsu[t]-s 
遵	*[ts]u[n] 
尊	*[ts]ˤu[n] 
尊	*[ts]ˤu[n] 
樽	*[ts]ˤu[n] 
昨	*[dz]ˤak 
左	*tsˤa[j]ʔ 
左	*tsˤa[j]ʔ 
左	*tsˤarʔ-s 
佐	*tsˤarʔ-s (dialect: *-r > *-j)
胙	*[dz]ˤak-s 
坐	*[dz]ˤo[j]ʔ 
坐	*m-[dz]ˤo[j]ʔ 
座	*[dz]ˤo[j]ʔ-s 
坐	*[dz]ˤo[j]ʔ-s 
作	*[ts]ˤak 
糳	*[ts]ˤawk 
作	*[ts]ˤak-s 
